"Year","Team","Wins","Losses","Ties","PF","PA","PD","WC","D","C","SL","SW"
"1978","Buffalo Bills","5","11","0","302","354","-52","0","0","0","0","0"
"1978","Chicago Bears","7","9","0","253","274","-21","0","0","0","0","0"
"1978","Minnesota Vikings","8","7","1","294","306","-12","1","1","0","0","0"
"1978","Pittsburgh Steelers","14","2","0","356","195","161","1","1","1","1","1"
"1978","San Diego Chargers","9","7","0","355","309","46","0","0","0","0","0"
"1978","Atlanta Falcons","9","7","0","240","290","-50","1","1","0","0","0"
"1978","Los Angeles Rams","12","4","0","316","245","71","1","1","1","0","0"
"1978","Houston Oilers","10","6","0","283","298","-15","1","1","1","0","0"
"1978","New York Jets","8","8","0","359","364","-5","0","0","0","0","0"
"1978","Philadelphia Eagles","9","7","0","270","250","20","1","0","0","0","0"
"1978","Green Bay Packers","8","7","1","249","269","-20","0","0","0","0","0"
"1978","Dallas Cowboys","12","4","0","384","208","176","1","1","1","1","0"
"1978","New York Giants","6","10","0","264","298","-34","0","0","0","0","0"
"1978","Seattle Seahawks","9","7","0","345","358","-13","0","0","0","0","0"
"1978","Cleveland Browns","8","8","0","334","356","-22","0","0","0","0","0"
"1978","Oakland Raiders","9","7","0","311","283","28","0","0","0","0","0"
"1978","New England Patriots","11","5","0","358","286","72","1","1","0","0","0"
"1978","Kansas City Chiefs","4","12","0","243","327","-84","0","0","0","0","0"
"1978","St. Louis Cardinals","6","10","0","248","296","-48","0","0","0","0","0"
"1978","Denver Broncos","10","6","0","282","198","84","1","1","0","0","0"
"1978","Washington Redskins","8","8","0","273","283","-10","0","0","0","0","0"
"1978","Detroit Lions","7","9","0","290","300","-10","0","0","0","0","0"
"1978","San Francisco 49ers","2","14","0","219","350","-131","0","0","0","0","0"
"1978","Miami Dolphins","11","5","0","372","254","118","1","0","0","0","0"
"1978","Cincinnati Bengals","4","12","0","252","284","-32","0","0","0","0","0"
"1978","New Orleans Saints","7","9","0","281","298","-17","0","0","0","0","0"
"1978","Baltimore Colts","5","11","0","239","421","-182","0","0","0","0","0"
"1978","Tampa Bay Buccaneers","5","11","0","241","259","-18","0","0","0","0","0"
"1979","Buffalo Bills","7","9","0","268","279","-11","0","0","0","0","0"
"1979","Chicago Bears","10","6","0","306","249","57","1","0","0","0","0"
"1979","Minnesota Vikings","7","9","0","259","337","-78","0","0","0","0","0"
"1979","Pittsburgh Steelers","12","4","0","416","262","154","1","1","1","1","1"
"1979","San Diego Chargers","12","4","0","411","246","165","1","1","0","0","0"
"1979","Atlanta Falcons","6","10","0","300","388","-88","0","0","0","0","0"
"1979","Los Angeles Rams","9","7","0","323","309","14","1","1","1","1","0"
"1979","Houston Oilers","11","5","0","362","331","31","1","1","1","0","0"
"1979","New York Jets","8","8","0","337","383","-46","0","0","0","0","0"
"1979","Philadelphia Eagles","11","5","0","339","282","57","1","1","0","0","0"
"1979","Green Bay Packers","5","11","0","246","316","-70","0","0","0","0","0"
"1979","Dallas Cowboys","11","5","0","371","313","58","1","1","0","0","0"
"1979","New York Giants","6","10","0","237","323","-86","0","0","0","0","0"
"1979","Seattle Seahawks","9","7","0","378","372","6","0","0","0","0","0"
"1979","Cleveland Browns","9","7","0","359","352","7","0","0","0","0","0"
"1979","Oakland Raiders","9","7","0","365","337","28","0","0","0","0","0"
"1979","New England Patriots","9","7","0","411","326","85","0","0","0","0","0"
"1979","Kansas City Chiefs","7","9","0","238","262","-24","0","0","0","0","0"
"1979","St. Louis Cardinals","5","11","0","307","358","-51","0","0","0","0","0"
"1979","Denver Broncos","10","6","0","289","262","27","1","0","0","0","0"
"1979","Washington Redskins","10","6","0","348","295","53","0","0","0","0","0"
"1979","Detroit Lions","2","14","0","219","365","-146","0","0","0","0","0"
"1979","San Francisco 49ers","2","14","0","308","416","-108","0","0","0","0","0"
"1979","Miami Dolphins","10","6","0","341","257","84","1","1","0","0","0"
"1979","Cincinnati Bengals","4","12","0","337","421","-84","0","0","0","0","0"
"1979","New Orleans Saints","8","8","0","370","360","10","0","0","0","0","0"
"1979","Baltimore Colts","5","11","0","271","351","-80","0","0","0","0","0"
"1979","Tampa Bay Buccaneers","10","6","0","273","237","36","1","1","1","0","0"
"1980","Buffalo Bills","11","5","0","320","260","60","1","1","0","0","0"
"1980","New Orleans Saints","1","15","0","291","487","-196","0","0","0","0","0"
"1980","Chicago Bears","7","9","0","304","264","40","0","0","0","0","0"
"1980","Minnesota Vikings","9","7","0","317","308","9","1","1","0","0","0"
"1980","Pittsburgh Steelers","9","7","0","352","313","39","0","0","0","0","0"
"1980","San Diego Chargers","11","5","0","418","327","91","1","1","1","0","0"
"1980","Atlanta Falcons","12","4","0","405","272","133","1","1","0","0","0"
"1980","Los Angeles Rams","11","5","0","424","289","135","1","0","0","0","0"
"1980","Houston Oilers","11","5","0","295","251","44","1","0","0","0","0"
"1980","New York Jets","4","12","0","302","395","-93","0","0","0","0","0"
"1980","Philadelphia Eagles","12","4","0","384","222","162","1","1","1","1","0"
"1980","Green Bay Packers","5","10","1","231","371","-140","0","0","0","0","0"
"1980","Dallas Cowboys","12","4","0","454","311","143","1","1","1","0","0"
"1980","St. Louis Cardinals","5","11","0","299","350","-51","0","0","0","0","0"
"1980","Seattle Seahawks","4","12","0","291","408","-117","0","0","0","0","0"
"1980","Cleveland Browns","11","5","0","357","310","47","1","1","0","0","0"
"1980","Oakland Raiders","11","5","0","364","306","58","1","1","1","1","1"
"1980","New England Patriots","10","6","0","441","325","116","0","0","0","0","0"
"1980","Kansas City Chiefs","8","8","0","319","336","-17","0","0","0","0","0"
"1980","Detroit Lions","9","7","0","334","272","62","0","0","0","0","0"
"1980","Denver Broncos","8","8","0","310","323","-13","0","0","0","0","0"
"1980","Washington Redskins","6","10","0","261","293","-32","0","0","0","0","0"
"1980","San Francisco 49ers","6","10","0","320","415","-95","0","0","0","0","0"
"1980","Miami Dolphins","8","8","0","266","305","-39","0","0","0","0","0"
"1980","Cincinnati Bengals","6","10","0","244","312","-68","0","0","0","0","0"
"1980","New York Giants","4","12","0","249","425","-176","0","0","0","0","0"
"1980","Baltimore Colts","7","9","0","355","387","-32","0","0","0","0","0"
"1980","Tampa Bay Buccaneers","5","10","1","271","341","-70","0","0","0","0","0"
"1981","Buffalo Bills","10","6","0","311","276","35","1","1","0","0","0"
"1981","New Orleans Saints","4","12","0","207","378","-171","0","0","0","0","0"
"1981","Chicago Bears","6","10","0","253","324","-71","0","0","0","0","0"
"1981","Minnesota Vikings","7","9","0","325","369","-44","0","0","0","0","0"
"1981","Pittsburgh Steelers","8","8","0","356","297","59","0","0","0","0","0"
"1981","San Diego Chargers","10","6","0","478","390","88","1","1","1","0","0"
"1981","Atlanta Falcons","7","9","0","426","355","71","0","0","0","0","0"
"1981","Los Angeles Rams","6","10","0","303","351","-48","0","0","0","0","0"
"1981","Houston Oilers","7","9","0","281","355","-74","0","0","0","0","0"
"1981","New York Jets","10","5","1","355","287","68","1","0","0","0","0"
"1981","Philadelphia Eagles","10","6","0","368","221","147","1","0","0","0","0"
"1981","Green Bay Packers","8","8","0","324","361","-37","0","0","0","0","0"
"1981","Dallas Cowboys","12","4","0","367","277","90","1","1","1","0","0"
"1981","St. Louis Cardinals","7","9","0","315","408","-93","0","0","0","0","0"
"1981","Seattle Seahawks","6","10","0","322","388","-66","0","0","0","0","0"
"1981","Cleveland Browns","5","11","0","276","375","-99","0","0","0","0","0"
"1981","Oakland Raiders","7","9","0","273","343","-70","0","0","0","0","0"
"1981","New England Patriots","2","14","0","322","370","-48","0","0","0","0","0"
"1981","Kansas City Chiefs","9","7","0","343","290","53","0","0","0","0","0"
"1981","Detroit Lions","8","8","0","397","322","75","0","0","0","0","0"
"1981","Denver Broncos","10","6","0","321","289","32","0","0","0","0","0"
"1981","Washington Redskins","8","8","0","347","349","-2","0","0","0","0","0"
"1981","San Francisco 49ers","13","3","0","357","250","107","1","1","1","1","1"
"1981","Miami Dolphins","11","4","1","345","275","70","1","1","0","0","0"
"1981","Cincinnati Bengals","12","4","0","421","304","117","1","1","1","1","0"
"1981","New York Giants","9","7","0","295","257","38","1","1","0","0","0"
"1981","Baltimore Colts","2","14","0","259","533","-274","0","0","0","0","0"
"1981","Tampa Bay Buccaneers","9","7","0","315","268","47","1","1","0","0","0"
"1982","Buffalo Bills","4","5","0","150","154","-4","0","0","0","0","0"
"1982","Chicago Bears","3","6","0","141","174","-33","0","0","0","0","0"
"1982","Minnesota Vikings","5","4","0","187","198","-11","1","1","0","0","0"
"1982","Pittsburgh Steelers","6","3","0","204","146","58","1","0","0","0","0"
"1982","San Diego Chargers","6","3","0","288","221","67","1","1","0","0","0"
"1982","Atlanta Falcons","5","4","0","183","199","-16","1","0","0","0","0"
"1982","Los Angeles Rams","2","7","0","200","250","-50","0","0","0","0","0"
"1982","Los Angeles Raiders","8","1","0","260","200","60","1","1","0","0","0"
"1982","Houston Oilers","1","8","0","136","245","-109","0","0","0","0","0"
"1982","New York Jets","6","3","0","245","166","79","1","1","1","0","0"
"1982","Philadelphia Eagles","3","6","0","191","195","-4","0","0","0","0","0"
"1982","Green Bay Packers","5","3","1","226","169","57","1","1","0","0","0"
"1982","Dallas Cowboys","6","3","0","226","145","81","1","1","1","0","0"
"1982","St. Louis Cardinals","5","4","0","135","170","-35","1","0","0","0","0"
"1982","Seattle Seahawks","4","5","0","127","147","-20","0","0","0","0","0"
"1982","Cleveland Browns","4","5","0","140","182","-42","1","0","0","0","0"
"1982","New England Patriots","5","4","0","143","157","-14","1","0","0","0","0"
"1982","Kansas City Chiefs","3","6","0","176","184","-8","0","0","0","0","0"
"1982","New York Giants","4","5","0","164","160","4","0","0","0","0","0"
"1982","Denver Broncos","2","7","0","148","226","-78","0","0","0","0","0"
"1982","Washington Redskins","8","1","0","190","128","62","1","1","1","1","1"
"1982","Detroit Lions","4","5","0","181","176","5","1","0","0","0","0"
"1982","San Francisco 49ers","3","6","0","209","206","3","0","0","0","0","0"
"1982","Miami Dolphins","7","2","0","198","131","67","1","1","1","1","0"
"1982","Cincinnati Bengals","7","2","0","232","177","55","1","0","0","0","0"
"1982","New Orleans Saints","4","5","0","129","160","-31","0","0","0","0","0"
"1982","Baltimore Colts","0","8","1","113","236","-123","0","0","0","0","0"
"1982","Tampa Bay Buccaneers","5","4","0","158","178","-20","1","0","0","0","0"
"1983","Buffalo Bills","8","8","0","283","351","-68","0","0","0","0","0"
"1983","Chicago Bears","8","8","0","311","301","10","0","0","0","0","0"
"1983","Minnesota Vikings","8","8","0","316","348","-32","0","0","0","0","0"
"1983","Pittsburgh Steelers","10","6","0","355","303","52","1","1","0","0","0"
"1983","San Diego Chargers","6","10","0","358","462","-104","0","0","0","0","0"
"1983","Atlanta Falcons","7","9","0","370","389","-19","0","0","0","0","0"
"1983","Los Angeles Rams","9","7","0","361","344","17","1","1","0","0","0"
"1983","Los Angeles Raiders","12","4","0","442","338","104","1","1","1","1","1"
"1983","Houston Oilers","2","14","0","288","460","-172","0","0","0","0","0"
"1983","New York Jets","7","9","0","313","331","-18","0","0","0","0","0"
"1983","Philadelphia Eagles","5","11","0","233","322","-89","0","0","0","0","0"
"1983","Green Bay Packers","8","8","0","429","439","-10","0","0","0","0","0"
"1983","Dallas Cowboys","12","4","0","479","360","119","1","0","0","0","0"
"1983","St. Louis Cardinals","8","7","1","374","428","-54","0","0","0","0","0"
"1983","Seattle Seahawks","9","7","0","403","397","6","1","1","1","0","0"
"1983","Cleveland Browns","9","7","0","356","342","14","0","0","0","0","0"
"1983","New Orleans Saints","8","8","0","319","337","-18","0","0","0","0","0"
"1983","New England Patriots","8","8","0","274","289","-15","0","0","0","0","0"
"1983","Kansas City Chiefs","6","10","0","386","367","19","0","0","0","0","0"
"1983","Detroit Lions","9","7","0","347","286","61","1","1","0","0","0"
"1983","Denver Broncos","9","7","0","302","327","-25","1","0","0","0","0"
"1983","Washington Redskins","14","2","0","541","332","209","1","1","1","1","0"
"1983","San Francisco 49ers","10","6","0","432","293","139","1","1","1","0","0"
"1983","Miami Dolphins","12","4","0","389","250","139","1","1","0","0","0"
"1983","Cincinnati Bengals","7","9","0","346","302","44","0","0","0","0","0"
"1983","New York Giants","3","12","1","267","347","-80","0","0","0","0","0"
"1983","Baltimore Colts","7","9","0","264","354","-90","0","0","0","0","0"
"1983","Tampa Bay Buccaneers","2","14","0","241","380","-139","0","0","0","0","0"
"1984","Buffalo Bills","2","14","0","250","454","-204","0","0","0","0","0"
"1984","Chicago Bears","10","6","0","325","248","77","1","1","1","0","0"
"1984","Minnesota Vikings","3","13","0","276","484","-208","0","0","0","0","0"
"1984","Pittsburgh Steelers","9","7","0","387","310","77","1","1","1","0","0"
"1984","San Diego Chargers","7","9","0","394","413","-19","0","0","0","0","0"
"1984","Atlanta Falcons","4","12","0","281","382","-101","0","0","0","0","0"
"1984","Indianapolis Colts","4","12","0","239","414","-175","0","0","0","0","0"
"1984","Los Angeles Raiders","11","5","0","368","278","90","1","0","0","0","0"
"1984","Houston Oilers","3","13","0","240","437","-197","0","0","0","0","0"
"1984","New York Jets","7","9","0","332","364","-32","0","0","0","0","0"
"1984","Philadelphia Eagles","6","9","1","278","320","-42","0","0","0","0","0"
"1984","Los Angeles Rams","10","6","0","346","316","30","1","0","0","0","0"
"1984","Green Bay Packers","8","8","0","390","309","81","0","0","0","0","0"
"1984","Dallas Cowboys","9","7","0","308","308","0","0","0","0","0","0"
"1984","St. Louis Cardinals","9","7","0","423","345","78","0","0","0","0","0"
"1984","Seattle Seahawks","12","4","0","418","282","136","1","1","0","0","0"
"1984","Cleveland Browns","5","11","0","250","297","-47","0","0","0","0","0"
"1984","New England Patriots","9","7","0","362","352","10","0","0","0","0","0"
"1984","Kansas City Chiefs","8","8","0","314","324","-10","0","0","0","0","0"
"1984","New York Giants","9","7","0","299","301","-2","1","1","0","0","0"
"1984","Denver Broncos","13","3","0","353","241","112","1","1","0","0","0"
"1984","Washington Redskins","11","5","0","426","310","116","1","1","0","0","0"
"1984","Detroit Lions","4","11","1","283","408","-125","0","0","0","0","0"
"1984","San Francisco 49ers","15","1","0","475","227","248","1","1","1","1","1"
"1984","Miami Dolphins","14","2","0","513","298","215","1","1","1","1","0"
"1984","Cincinnati Bengals","8","8","0","339","339","0","0","0","0","0","0"
"1984","New Orleans Saints","7","9","0","298","361","-63","0","0","0","0","0"
"1984","Tampa Bay Buccaneers","6","10","0","335","380","-45","0","0","0","0","0"
"1985","Buffalo Bills","2","14","0","200","381","-181","0","0","0","0","0"
"1985","Chicago Bears","15","1","0","456","198","258","1","1","1","1","1"
"1985","Minnesota Vikings","7","9","0","346","359","-13","0","0","0","0","0"
"1985","Pittsburgh Steelers","7","9","0","379","355","24","0","0","0","0","0"
"1985","San Diego Chargers","8","8","0","467","435","32","0","0","0","0","0"
"1985","Atlanta Falcons","4","12","0","282","452","-170","0","0","0","0","0"
"1985","Indianapolis Colts","5","11","0","320","386","-66","0","0","0","0","0"
"1985","Los Angeles Raiders","12","4","0","354","308","46","1","1","0","0","0"
"1985","Houston Oilers","5","11","0","284","412","-128","0","0","0","0","0"
"1985","New York Jets","11","5","0","393","264","129","1","0","0","0","0"
"1985","Philadelphia Eagles","7","9","0","286","310","-24","0","0","0","0","0"
"1985","Los Angeles Rams","11","5","0","340","277","63","1","1","1","0","0"
"1985","Green Bay Packers","8","8","0","337","355","-18","0","0","0","0","0"
"1985","Dallas Cowboys","10","6","0","357","333","24","1","1","0","0","0"
"1985","St. Louis Cardinals","5","11","0","278","414","-136","0","0","0","0","0"
"1985","Seattle Seahawks","8","8","0","349","303","46","0","0","0","0","0"
"1985","Cleveland Browns","8","8","0","287","294","-7","1","1","0","0","0"
"1985","New England Patriots","11","5","0","362","290","72","1","1","1","1","0"
"1985","Kansas City Chiefs","6","10","0","317","360","-43","0","0","0","0","0"
"1985","New York Giants","10","6","0","399","283","116","1","1","0","0","0"
"1985","Denver Broncos","11","5","0","380","329","51","0","0","0","0","0"
"1985","Washington Redskins","10","6","0","297","312","-15","0","0","0","0","0"
"1985","Detroit Lions","7","9","0","307","366","-59","0","0","0","0","0"
"1985","San Francisco 49ers","10","6","0","411","263","148","1","0","0","0","0"
"1985","Miami Dolphins","12","4","0","428","320","108","1","1","1","0","0"
"1985","Cincinnati Bengals","7","9","0","441","437","4","0","0","0","0","0"
"1985","New Orleans Saints","5","11","0","294","401","-107","0","0","0","0","0"
"1985","Tampa Bay Buccaneers","2","14","0","294","448","-154","0","0","0","0","0"
"1986","Buffalo Bills","4","12","0","287","348","-61","0","0","0","0","0"
"1986","Chicago Bears","14","2","0","352","187","165","1","1","0","0","0"
"1986","Minnesota Vikings","9","7","0","398","273","125","0","0","0","0","0"
"1986","Pittsburgh Steelers","6","10","0","307","336","-29","0","0","0","0","0"
"1986","San Diego Chargers","4","12","0","335","396","-61","0","0","0","0","0"
"1986","Atlanta Falcons","7","8","1","280","280","0","0","0","0","0","0"
"1986","Indianapolis Colts","3","13","0","229","400","-171","0","0","0","0","0"
"1986","Los Angeles Raiders","8","8","0","323","346","-23","0","0","0","0","0"
"1986","Houston Oilers","5","11","0","274","329","-55","0","0","0","0","0"
"1986","New York Jets","10","6","0","364","386","-22","1","1","0","0","0"
"1986","Philadelphia Eagles","5","10","1","256","312","-56","0","0","0","0","0"
"1986","Los Angeles Rams","10","6","0","309","267","42","1","0","0","0","0"
"1986","Green Bay Packers","4","12","0","254","418","-164","0","0","0","0","0"
"1986","Dallas Cowboys","7","9","0","346","337","9","0","0","0","0","0"
"1986","St. Louis Cardinals","4","11","1","218","351","-133","0","0","0","0","0"
"1986","Seattle Seahawks","10","6","0","366","293","73","0","0","0","0","0"
"1986","Cleveland Browns","12","4","0","391","310","81","1","1","1","0","0"
"1986","New England Patriots","11","5","0","412","307","105","1","1","0","0","0"
"1986","Kansas City Chiefs","10","6","0","358","326","32","1","0","0","0","0"
"1986","New York Giants","14","2","0","371","236","135","1","1","1","1","1"
"1986","Denver Broncos","11","5","0","378","327","51","1","1","1","1","0"
"1986","Washington Redskins","12","4","0","368","296","72","1","1","1","0","0"
"1986","Detroit Lions","5","11","0","277","326","-49","0","0","0","0","0"
"1986","San Francisco 49ers","10","5","1","374","247","127","1","1","0","0","0"
"1986","Miami Dolphins","8","8","0","430","405","25","0","0","0","0","0"
"1986","Cincinnati Bengals","10","6","0","409","394","15","0","0","0","0","0"
"1986","New Orleans Saints","7","9","0","288","287","1","0","0","0","0","0"
"1986","Tampa Bay Buccaneers","2","14","0","239","473","-234","0","0","0","0","0"
"1987","Buffalo Bills","7","8","0","270","305","-35","0","0","0","0","0"
"1987","Chicago Bears","11","4","0","356","282","74","1","1","0","0","0"
"1987","Minnesota Vikings","8","7","0","336","335","1","1","1","1","0","0"
"1987","Pittsburgh Steelers","8","7","0","285","299","-14","0","0","0","0","0"
"1987","San Diego Chargers","8","7","0","253","317","-64","0","0","0","0","0"
"1987","Atlanta Falcons","3","12","0","205","436","-231","0","0","0","0","0"
"1987","Indianapolis Colts","9","6","0","300","238","62","1","1","0","0","0"
"1987","Los Angeles Raiders","5","10","0","301","289","12","0","0","0","0","0"
"1987","Houston Oilers","9","6","0","345","349","-4","1","1","0","0","0"
"1987","New York Jets","6","9","0","334","360","-26","0","0","0","0","0"
"1987","Philadelphia Eagles","7","8","0","337","380","-43","0","0","0","0","0"
"1987","Los Angeles Rams","6","9","0","317","361","-44","0","0","0","0","0"
"1987","Green Bay Packers","5","9","1","255","300","-45","0","0","0","0","0"
"1987","Dallas Cowboys","7","8","0","340","348","-8","0","0","0","0","0"
"1987","New York Giants","6","9","0","280","312","-32","0","0","0","0","0"
"1987","Seattle Seahawks","9","6","0","371","314","57","1","0","0","0","0"
"1987","Cleveland Browns","10","5","0","390","239","151","1","1","1","0","0"
"1987","New England Patriots","8","7","0","320","293","27","0","0","0","0","0"
"1987","Kansas City Chiefs","4","11","0","273","388","-115","0","0","0","0","0"
"1987","St. Louis Cardinals","7","8","0","362","368","-6","0","0","0","0","0"
"1987","Denver Broncos","10","4","1","379","288","91","1","1","1","1","0"
"1987","Washington Redskins","11","4","0","379","285","94","1","1","1","1","1"
"1987","Detroit Lions","4","11","0","269","384","-115","0","0","0","0","0"
"1987","San Francisco 49ers","13","2","0","459","253","206","1","1","0","0","0"
"1987","Miami Dolphins","8","7","0","362","335","27","0","0","0","0","0"
"1987","Cincinnati Bengals","4","11","0","285","370","-85","0","0","0","0","0"
"1987","New Orleans Saints","12","3","0","422","283","139","1","0","0","0","0"
"1987","Tampa Bay Buccaneers","4","11","0","286","360","-74","0","0","0","0","0"
"1988","Buffalo Bills","12","4","0","329","237","92","1","1","1","0","0"
"1988","Chicago Bears","12","4","0","312","215","97","1","1","1","0","0"
"1988","Minnesota Vikings","11","5","0","406","233","173","1","1","0","0","0"
"1988","Pittsburgh Steelers","5","11","0","336","421","-85","0","0","0","0","0"
"1988","San Diego Chargers","6","10","0","231","332","-101","0","0","0","0","0"
"1988","Atlanta Falcons","5","11","0","244","315","-71","0","0","0","0","0"
"1988","Indianapolis Colts","9","7","0","354","315","39","0","0","0","0","0"
"1988","Phoenix Cardinals","7","9","0","344","398","-54","0","0","0","0","0"
"1988","Los Angeles Raiders","7","9","0","325","369","-44","0","0","0","0","0"
"1988","Houston Oilers","10","6","0","424","365","59","1","1","0","0","0"
"1988","New York Jets","8","7","1","372","354","18","0","0","0","0","0"
"1988","Philadelphia Eagles","10","6","0","379","319","60","1","1","0","0","0"
"1988","Los Angeles Rams","10","6","0","407","293","114","1","0","0","0","0"
"1988","Green Bay Packers","4","12","0","240","315","-75","0","0","0","0","0"
"1988","Dallas Cowboys","3","13","0","265","381","-116","0","0","0","0","0"
"1988","Detroit Lions","4","12","0","220","313","-93","0","0","0","0","0"
"1988","Seattle Seahawks","9","7","0","339","329","10","1","1","0","0","0"
"1988","Cleveland Browns","10","6","0","304","288","16","1","0","0","0","0"
"1988","New England Patriots","9","7","0","250","284","-34","0","0","0","0","0"
"1988","Kansas City Chiefs","4","11","1","254","320","-66","0","0","0","0","0"
"1988","New York Giants","10","6","0","359","304","55","0","0","0","0","0"
"1988","Denver Broncos","8","8","0","327","352","-25","0","0","0","0","0"
"1988","Washington Redskins","7","9","0","345","387","-42","0","0","0","0","0"
"1988","San Francisco 49ers","10","6","0","369","294","75","1","1","1","1","1"
"1988","Miami Dolphins","6","10","0","319","380","-61","0","0","0","0","0"
"1988","Cincinnati Bengals","12","4","0","448","329","119","1","1","1","1","0"
"1988","New Orleans Saints","10","6","0","312","283","29","0","0","0","0","0"
"1988","Tampa Bay Buccaneers","5","11","0","261","350","-89","0","0","0","0","0"
"1989","Buffalo Bills","9","7","0","409","317","92","1","1","0","0","0"
"1989","Chicago Bears","6","10","0","358","377","-19","0","0","0","0","0"
"1989","Minnesota Vikings","10","6","0","351","275","76","1","1","0","0","0"
"1989","Pittsburgh Steelers","9","7","0","265","326","-61","1","1","0","0","0"
"1989","San Diego Chargers","6","10","0","266","290","-24","0","0","0","0","0"
"1989","Atlanta Falcons","3","13","0","279","437","-158","0","0","0","0","0"
"1989","Indianapolis Colts","8","8","0","298","301","-3","0","0","0","0","0"
"1989","Phoenix Cardinals","5","11","0","258","377","-119","0","0","0","0","0"
"1989","Los Angeles Raiders","8","8","0","315","297","18","0","0","0","0","0"
"1989","Houston Oilers","9","7","0","365","412","-47","1","0","0","0","0"
"1989","New York Jets","4","12","0","253","411","-158","0","0","0","0","0"
"1989","Philadelphia Eagles","11","5","0","342","274","68","1","0","0","0","0"
"1989","Los Angeles Rams","11","5","0","426","344","82","1","1","1","0","0"
"1989","Green Bay Packers","10","6","0","362","356","6","0","0","0","0","0"
"1989","Dallas Cowboys","1","15","0","204","393","-189","0","0","0","0","0"
"1989","Detroit Lions","7","9","0","312","364","-52","0","0","0","0","0"
"1989","Seattle Seahawks","7","9","0","241","327","-86","0","0","0","0","0"
"1989","Cleveland Browns","9","6","1","334","254","80","1","1","1","0","0"
"1989","New England Patriots","5","11","0","297","391","-94","0","0","0","0","0"
"1989","Kansas City Chiefs","8","7","1","318","286","32","0","0","0","0","0"
"1989","New York Giants","12","4","0","348","252","96","1","1","0","0","0"
"1989","Denver Broncos","11","5","0","362","226","136","1","1","1","1","0"
"1989","Washington Redskins","10","6","0","386","308","78","0","0","0","0","0"
"1989","San Francisco 49ers","14","2","0","442","253","189","1","1","1","1","1"
"1989","Miami Dolphins","8","8","0","331","379","-48","0","0","0","0","0"
"1989","Cincinnati Bengals","8","8","0","404","285","119","0","0","0","0","0"
"1989","New Orleans Saints","9","7","0","386","301","85","0","0","0","0","0"
"1989","Tampa Bay Buccaneers","5","11","0","320","419","-99","0","0","0","0","0"
"1990","Buffalo Bills","13","3","0","428","263","165","1","1","1","1","0"
"1990","Chicago Bears","11","5","0","348","280","68","1","1","0","0","0"
"1990","Minnesota Vikings","6","10","0","351","326","25","0","0","0","0","0"
"1990","Pittsburgh Steelers","9","7","0","292","240","52","0","0","0","0","0"
"1990","San Diego Chargers","6","10","0","315","281","34","0","0","0","0","0"
"1990","Atlanta Falcons","5","11","0","348","365","-17","0","0","0","0","0"
"1990","Indianapolis Colts","7","9","0","281","353","-72","0","0","0","0","0"
"1990","Phoenix Cardinals","5","11","0","268","396","-128","0","0","0","0","0"
"1990","Los Angeles Raiders","12","4","0","337","268","69","1","1","1","0","0"
"1990","Houston Oilers","9","7","0","405","307","98","1","0","0","0","0"
"1990","New York Jets","6","10","0","295","345","-50","0","0","0","0","0"
"1990","Philadelphia Eagles","10","6","0","396","299","97","1","0","0","0","0"
"1990","Los Angeles Rams","5","11","0","345","412","-67","0","0","0","0","0"
"1990","Green Bay Packers","6","10","0","271","347","-76","0","0","0","0","0"
"1990","Dallas Cowboys","7","9","0","244","308","-64","0","0","0","0","0"
"1990","Detroit Lions","6","10","0","373","413","-40","0","0","0","0","0"
"1990","Seattle Seahawks","9","7","0","306","286","20","0","0","0","0","0"
"1990","Cleveland Browns","3","13","0","228","462","-234","0","0","0","0","0"
"1990","New England Patriots","1","15","0","181","446","-265","0","0","0","0","0"
"1990","Kansas City Chiefs","11","5","0","369","257","112","1","0","0","0","0"
"1990","New York Giants","13","3","0","335","211","124","1","1","1","1","1"
"1990","Denver Broncos","5","11","0","331","374","-43","0","0","0","0","0"
"1990","Washington Redskins","10","6","0","381","301","80","1","1","0","0","0"
"1990","San Francisco 49ers","14","2","0","353","239","114","1","1","1","0","0"
"1990","Miami Dolphins","12","4","0","336","242","94","1","1","0","0","0"
"1990","Cincinnati Bengals","9","7","0","360","352","8","1","1","0","0","0"
"1990","New Orleans Saints","8","8","0","274","275","-1","1","0","0","0","0"
"1990","Tampa Bay Buccaneers","6","10","0","264","367","-103","0","0","0","0","0"
"1991","Buffalo Bills","13","3","0","458","318","140","1","1","1","1","0"
"1991","Chicago Bears","11","5","0","299","269","30","1","0","0","0","0"
"1991","Minnesota Vikings","8","8","0","301","306","-5","0","0","0","0","0"
"1991","Pittsburgh Steelers","7","9","0","292","344","-52","0","0","0","0","0"
"1991","San Diego Chargers","4","12","0","274","342","-68","0","0","0","0","0"
"1991","Atlanta Falcons","10","6","0","361","338","23","1","1","0","0","0"
"1991","Indianapolis Colts","1","15","0","143","381","-238","0","0","0","0","0"
"1991","Phoenix Cardinals","4","12","0","196","344","-148","0","0","0","0","0"
"1991","Los Angeles Raiders","9","7","0","298","297","1","1","0","0","0","0"
"1991","Houston Oilers","11","5","0","386","251","135","1","1","0","0","0"
"1991","New York Jets","8","8","0","314","293","21","1","0","0","0","0"
"1991","Philadelphia Eagles","10","6","0","285","244","41","0","0","0","0","0"
"1991","Los Angeles Rams","3","13","0","234","390","-156","0","0","0","0","0"
"1991","Green Bay Packers","4","12","0","273","313","-40","0","0","0","0","0"
"1991","Dallas Cowboys","11","5","0","342","310","32","1","1","0","0","0"
"1991","New York Giants","8","8","0","281","297","-16","0","0","0","0","0"
"1991","Seattle Seahawks","7","9","0","276","261","15","0","0","0","0","0"
"1991","Cleveland Browns","6","10","0","293","298","-5","0","0","0","0","0"
"1991","New England Patriots","6","10","0","211","305","-94","0","0","0","0","0"
"1991","Kansas City Chiefs","10","6","0","322","252","70","1","1","0","0","0"
"1991","Detroit Lions","12","4","0","339","295","44","1","1","1","0","0"
"1991","Denver Broncos","12","4","0","304","235","69","1","1","1","0","0"
"1991","Washington Redskins","14","2","0","485","224","261","1","1","1","1","1"
"1991","San Francisco 49ers","10","6","0","393","239","154","0","0","0","0","0"
"1991","Miami Dolphins","8","8","0","343","349","-6","0","0","0","0","0"
"1991","Cincinnati Bengals","3","13","0","263","435","-172","0","0","0","0","0"
"1991","New Orleans Saints","11","5","0","341","211","130","1","0","0","0","0"
"1991","Tampa Bay Buccaneers","3","13","0","199","365","-166","0","0","0","0","0"
"1992","Buffalo Bills","11","5","0","381","283","98","1","1","1","1","0"
"1992","Chicago Bears","5","11","0","295","361","-66","0","0","0","0","0"
"1992","Minnesota Vikings","11","5","0","374","249","125","1","0","0","0","0"
"1992","Pittsburgh Steelers","11","5","0","299","225","74","1","1","0","0","0"
"1992","San Diego Chargers","11","5","0","335","241","94","1","1","0","0","0"
"1992","Atlanta Falcons","6","10","0","327","414","-87","0","0","0","0","0"
"1992","Indianapolis Colts","9","7","0","216","302","-86","0","0","0","0","0"
"1992","Phoenix Cardinals","4","12","0","243","332","-89","0","0","0","0","0"
"1992","Los Angeles Raiders","7","9","0","249","281","-32","0","0","0","0","0"
"1992","Houston Oilers","10","6","0","352","258","94","1","0","0","0","0"
"1992","New York Jets","4","12","0","220","315","-95","0","0","0","0","0"
"1992","Philadelphia Eagles","11","5","0","354","245","109","1","1","0","0","0"
"1992","Los Angeles Rams","6","10","0","313","383","-70","0","0","0","0","0"
"1992","Green Bay Packers","9","7","0","276","296","-20","0","0","0","0","0"
"1992","Dallas Cowboys","13","3","0","409","243","166","1","1","1","1","1"
"1992","Detroit Lions","5","11","0","273","332","-59","0","0","0","0","0"
"1992","Seattle Seahawks","2","14","0","140","312","-172","0","0","0","0","0"
"1992","Cleveland Browns","7","9","0","272","275","-3","0","0","0","0","0"
"1992","New England Patriots","2","14","0","205","363","-158","0","0","0","0","0"
"1992","Kansas City Chiefs","10","6","0","348","282","66","1","0","0","0","0"
"1992","New York Giants","6","10","0","306","367","-61","0","0","0","0","0"
"1992","Denver Broncos","8","8","0","262","329","-67","0","0","0","0","0"
"1992","Washington Redskins","9","7","0","300","255","45","1","1","0","0","0"
"1992","San Francisco 49ers","14","2","0","431","236","195","1","1","1","0","0"
"1992","Miami Dolphins","11","5","0","340","281","59","1","1","1","0","0"
"1992","Cincinnati Bengals","5","11","0","274","364","-90","0","0","0","0","0"
"1992","New Orleans Saints","12","4","0","330","202","128","1","0","0","0","0"
"1992","Tampa Bay Buccaneers","5","11","0","267","365","-98","0","0","0","0","0"
"1993","Buffalo Bills","12","4","0","329","242","87","1","1","1","1","0"
"1993","Chicago Bears","7","9","0","234","230","4","0","0","0","0","0"
"1993","Minnesota Vikings","9","7","0","277","290","-13","1","0","0","0","0"
"1993","Pittsburgh Steelers","9","7","0","308","281","27","1","0","0","0","0"
"1993","San Diego Chargers","8","8","0","322","290","32","0","0","0","0","0"
"1993","Atlanta Falcons","6","10","0","316","385","-69","0","0","0","0","0"
"1993","Indianapolis Colts","4","12","0","189","378","-189","0","0","0","0","0"
"1993","Phoenix Cardinals","7","9","0","326","269","57","0","0","0","0","0"
"1993","Los Angeles Raiders","10","6","0","306","326","-20","1","1","0","0","0"
"1993","Houston Oilers","12","4","0","368","238","130","1","1","0","0","0"
"1993","New York Jets","8","8","0","270","247","23","0","0","0","0","0"
"1993","Philadelphia Eagles","8","8","0","293","315","-22","0","0","0","0","0"
"1993","Los Angeles Rams","5","11","0","221","367","-146","0","0","0","0","0"
"1993","Green Bay Packers","9","7","0","340","282","58","1","1","0","0","0"
"1993","Dallas Cowboys","12","4","0","376","229","147","1","1","1","1","1"
"1993","Detroit Lions","10","6","0","298","292","6","1","0","0","0","0"
"1993","Seattle Seahawks","6","10","0","280","314","-34","0","0","0","0","0"
"1993","Cleveland Browns","7","9","0","304","307","-3","0","0","0","0","0"
"1993","New England Patriots","5","11","0","238","286","-48","0","0","0","0","0"
"1993","Kansas City Chiefs","11","5","0","328","291","37","1","1","1","0","0"
"1993","New York Giants","11","5","0","288","205","83","1","1","0","0","0"
"1993","Denver Broncos","9","7","0","373","284","89","1","0","0","0","0"
"1993","Washington Redskins","4","12","0","230","345","-115","0","0","0","0","0"
"1993","San Francisco 49ers","10","6","0","473","295","178","1","1","1","0","0"
"1993","Miami Dolphins","9","7","0","349","351","-2","0","0","0","0","0"
"1993","Cincinnati Bengals","3","13","0","187","319","-132","0","0","0","0","0"
"1993","New Orleans Saints","8","8","0","317","343","-26","0","0","0","0","0"
"1993","Tampa Bay Buccaneers","5","11","0","237","376","-139","0","0","0","0","0"
"1994","Buffalo Bills","7","9","0","340","356","-16","0","0","0","0","0"
"1994","Chicago Bears","9","7","0","271","307","-36","1","1","0","0","0"
"1994","Minnesota Vikings","10","6","0","356","314","42","1","0","0","0","0"
"1994","Pittsburgh Steelers","12","4","0","316","234","82","1","1","1","0","0"
"1994","San Diego Chargers","11","5","0","381","306","75","1","1","1","1","0"
"1994","Atlanta Falcons","7","9","0","317","385","-68","0","0","0","0","0"
"1994","Indianapolis Colts","8","8","0","307","320","-13","0","0","0","0","0"
"1994","Los Angeles Raiders","9","7","0","303","327","-24","0","0","0","0","0"
"1994","Houston Oilers","2","14","0","226","352","-126","0","0","0","0","0"
"1994","New York Jets","6","10","0","264","320","-56","0","0","0","0","0"
"1994","Philadelphia Eagles","7","9","0","308","308","0","0","0","0","0","0"
"1994","Los Angeles Rams","4","12","0","286","365","-79","0","0","0","0","0"
"1994","Green Bay Packers","9","7","0","382","287","95","1","1","0","0","0"
"1994","Dallas Cowboys","12","4","0","414","248","166","1","1","1","0","0"
"1994","New York Giants","9","7","0","279","305","-26","0","0","0","0","0"
"1994","Seattle Seahawks","6","10","0","287","323","-36","0","0","0","0","0"
"1994","Cleveland Browns","11","5","0","340","204","136","1","1","0","0","0"
"1994","New England Patriots","10","6","0","351","312","39","1","0","0","0","0"
"1994","Kansas City Chiefs","9","7","0","319","298","21","1","0","0","0","0"
"1994","Arizona Cardinals","8","8","0","235","267","-32","0","0","0","0","0"
"1994","Denver Broncos","7","9","0","347","396","-49","0","0","0","0","0"
"1994","Washington Redskins","3","13","0","320","412","-92","0","0","0","0","0"
"1994","Detroit Lions","9","7","0","357","342","15","1","0","0","0","0"
"1994","San Francisco 49ers","13","3","0","505","296","209","1","1","1","1","1"
"1994","Miami Dolphins","10","6","0","389","327","62","1","1","0","0","0"
"1994","Cincinnati Bengals","3","13","0","276","406","-130","0","0","0","0","0"
"1994","New Orleans Saints","7","9","0","348","407","-59","0","0","0","0","0"
"1994","Tampa Bay Buccaneers","6","10","0","251","351","-100","0","0","0","0","0"
"1995","Philadelphia Eagles","10","6","0","318","338","-20","1","1","0","0","0"
"1995","Buffalo Bills","10","6","0","350","335","15","1","1","0","0","0"
"1995","Chicago Bears","9","7","0","392","360","32","0","0","0","0","0"
"1995","Minnesota Vikings","8","8","0","412","385","27","0","0","0","0","0"
"1995","Pittsburgh Steelers","11","5","0","407","327","80","1","1","1","1","0"
"1995","San Diego Chargers","9","7","0","321","323","-2","1","0","0","0","0"
"1995","Atlanta Falcons","9","7","0","362","349","13","1","0","0","0","0"
"1995","Indianapolis Colts","9","7","0","331","316","15","1","1","1","0","0"
"1995","Houston Oilers","7","9","0","348","324","24","0","0","0","0","0"
"1995","Carolina Panthers","7","9","0","289","325","-36","0","0","0","0","0"
"1995","New York Jets","3","13","0","233","384","-151","0","0","0","0","0"
"1995","Jacksonville Jaguars","4","12","0","275","404","-129","0","0","0","0","0"
"1995","Green Bay Packers","11","5","0","404","314","90","1","1","1","0","0"
"1995","Dallas Cowboys","12","4","0","435","291","144","1","1","1","1","1"
"1995","New York Giants","5","11","0","290","340","-50","0","0","0","0","0"
"1995","Seattle Seahawks","8","8","0","363","366","-3","0","0","0","0","0"
"1995","Cleveland Browns","5","11","0","289","356","-67","0","0","0","0","0"
"1995","Oakland Raiders","8","8","0","348","332","16","0","0","0","0","0"
"1995","New England Patriots","6","10","0","294","377","-83","0","0","0","0","0"
"1995","Kansas City Chiefs","13","3","0","358","241","117","1","1","0","0","0"
"1995","Arizona Cardinals","4","12","0","275","422","-147","0","0","0","0","0"
"1995","Denver Broncos","8","8","0","388","345","43","0","0","0","0","0"
"1995","Washington Redskins","6","10","0","326","359","-33","0","0","0","0","0"
"1995","Detroit Lions","10","6","0","436","336","100","1","0","0","0","0"
"1995","San Francisco 49ers","11","5","0","457","258","199","1","1","0","0","0"
"1995","Miami Dolphins","9","7","0","398","332","66","1","0","0","0","0"
"1995","Cincinnati Bengals","7","9","0","349","374","-25","0","0","0","0","0"
"1995","New Orleans Saints","7","9","0","319","348","-29","0","0","0","0","0"
"1995","St. Louis Rams","7","9","0","309","418","-109","0","0","0","0","0"
"1995","Tampa Bay Buccaneers","7","9","0","238","335","-97","0","0","0","0","0"
"1996","Philadelphia Eagles","10","6","0","363","341","22","1","0","0","0","0"
"1996","Buffalo Bills","10","6","0","319","266","53","1","0","0","0","0"
"1996","Chicago Bears","7","9","0","283","305","-22","0","0","0","0","0"
"1996","Minnesota Vikings","9","7","0","298","315","-17","1","0","0","0","0"
"1996","Pittsburgh Steelers","10","6","0","344","257","87","1","1","0","0","0"
"1996","San Diego Chargers","8","8","0","310","376","-66","0","0","0","0","0"
"1996","Atlanta Falcons","3","13","0","309","461","-152","0","0","0","0","0"
"1996","Indianapolis Colts","9","7","0","317","334","-17","1","0","0","0","0"
"1996","Houston Oilers","8","8","0","345","319","26","0","0","0","0","0"
"1996","Carolina Panthers","12","4","0","367","218","149","1","1","1","0","0"
"1996","New York Jets","1","15","0","279","454","-175","0","0","0","0","0"
"1996","Jacksonville Jaguars","9","7","0","325","335","-10","1","1","1","0","0"
"1996","Green Bay Packers","13","3","0","456","210","246","1","1","1","1","1"
"1996","Dallas Cowboys","10","6","0","286","250","36","1","1","0","0","0"
"1996","New York Giants","6","10","0","242","297","-55","0","0","0","0","0"
"1996","Seattle Seahawks","7","9","0","317","376","-59","0","0","0","0","0"
"1996","Baltimore Ravens","4","12","0","371","441","-70","0","0","0","0","0"
"1996","Oakland Raiders","7","9","0","340","293","47","0","0","0","0","0"
"1996","New England Patriots","11","5","0","418","313","105","1","1","1","1","0"
"1996","Kansas City Chiefs","9","7","0","297","300","-3","0","0","0","0","0"
"1996","Arizona Cardinals","7","9","0","300","397","-97","0","0","0","0","0"
"1996","Denver Broncos","13","3","0","391","275","116","1","1","0","0","0"
"1996","Washington Redskins","9","7","0","364","312","52","0","0","0","0","0"
"1996","Detroit Lions","5","11","0","302","368","-66","0","0","0","0","0"
"1996","San Francisco 49ers","12","4","0","398","257","141","1","1","0","0","0"
"1996","Miami Dolphins","8","8","0","339","325","14","0","0","0","0","0"
"1996","Cincinnati Bengals","8","8","0","372","369","3","0","0","0","0","0"
"1996","New Orleans Saints","3","13","0","229","339","-110","0","0","0","0","0"
"1996","St. Louis Rams","6","10","0","303","409","-106","0","0","0","0","0"
"1996","Tampa Bay Buccaneers","6","10","0","221","293","-72","0","0","0","0","0"
"1997","San Francisco 49ers","13","3","0","375","265","110","1","1","1","0","0"
"1997","Philadelphia Eagles","6","9","1","317","372","-55","0","0","0","0","0"
"1997","Buffalo Bills","6","10","0","255","367","-112","0","0","0","0","0"
"1997","Chicago Bears","4","12","0","263","421","-158","0","0","0","0","0"
"1997","Minnesota Vikings","9","7","0","354","359","-5","1","1","0","0","0"
"1997","Pittsburgh Steelers","11","5","0","372","307","65","1","1","1","0","0"
"1997","San Diego Chargers","4","12","0","266","425","-159","0","0","0","0","0"
"1997","Atlanta Falcons","7","9","0","320","361","-41","0","0","0","0","0"
"1997","Indianapolis Colts","3","13","0","313","401","-88","0","0","0","0","0"
"1997","Baltimore Ravens","6","9","1","326","345","-19","0","0","0","0","0"
"1997","Carolina Panthers","7","9","0","265","314","-49","0","0","0","0","0"
"1997","New York Jets","9","7","0","348","287","61","0","0","0","0","0"
"1997","Jacksonville Jaguars","11","5","0","394","318","76","1","0","0","0","0"
"1997","Green Bay Packers","13","3","0","422","282","140","1","1","1","1","0"
"1997","Dallas Cowboys","6","10","0","304","314","-10","0","0","0","0","0"
"1997","Arizona Cardinals","4","12","0","283","379","-96","0","0","0","0","0"
"1997","Seattle Seahawks","8","8","0","365","362","3","0","0","0","0","0"
"1997","Oakland Raiders","4","12","0","324","419","-95","0","0","0","0","0"
"1997","New England Patriots","10","6","0","369","289","80","1","1","0","0","0"
"1997","Kansas City Chiefs","13","3","0","375","232","143","1","1","0","0","0"
"1997","New York Giants","10","5","1","307","265","42","1","0","0","0","0"
"1997","Denver Broncos","12","4","0","472","287","185","1","1","1","1","1"
"1997","Washington Redskins","8","7","1","327","289","38","0","0","0","0","0"
"1997","Detroit Lions","9","7","0","379","306","73","1","0","0","0","0"
"1997","Tennessee Oilers","8","8","0","333","310","23","0","0","0","0","0"
"1997","Miami Dolphins","9","7","0","339","327","12","1","0","0","0","0"
"1997","Cincinnati Bengals","7","9","0","355","405","-50","0","0","0","0","0"
"1997","New Orleans Saints","6","10","0","237","327","-90","0","0","0","0","0"
"1997","St. Louis Rams","5","11","0","299","359","-60","0","0","0","0","0"
"1997","Tampa Bay Buccaneers","10","6","0","299","263","36","1","1","0","0","0"
"1998","San Francisco 49ers","12","4","0","479","328","151","1","1","0","0","0"
"1998","Philadelphia Eagles","3","13","0","161","344","-183","0","0","0","0","0"
"1998","Buffalo Bills","10","6","0","400","333","67","1","0","0","0","0"
"1998","Chicago Bears","4","12","0","276","368","-92","0","0","0","0","0"
"1998","Minnesota Vikings","15","1","0","556","296","260","1","1","1","0","0"
"1998","Pittsburgh Steelers","7","9","0","263","303","-40","0","0","0","0","0"
"1998","San Diego Chargers","5","11","0","241","342","-101","0","0","0","0","0"
"1998","Atlanta Falcons","14","2","0","442","289","153","1","1","1","1","0"
"1998","Indianapolis Colts","3","13","0","310","444","-134","0","0","0","0","0"
"1998","Baltimore Ravens","6","10","0","269","335","-66","0","0","0","0","0"
"1998","Carolina Panthers","4","12","0","336","413","-77","0","0","0","0","0"
"1998","New York Jets","12","4","0","416","266","150","1","1","1","0","0"
"1998","Jacksonville Jaguars","11","5","0","392","338","54","1","1","0","0","0"
"1998","Green Bay Packers","11","5","0","408","319","89","1","0","0","0","0"
"1998","Dallas Cowboys","10","6","0","381","275","106","1","0","0","0","0"
"1998","New York Giants","8","8","0","287","309","-22","0","0","0","0","0"
"1998","Seattle Seahawks","8","8","0","372","310","62","0","0","0","0","0"
"1998","Oakland Raiders","8","8","0","288","356","-68","0","0","0","0","0"
"1998","New England Patriots","9","7","0","337","329","8","1","0","0","0","0"
"1998","Kansas City Chiefs","7","9","0","327","363","-36","0","0","0","0","0"
"1998","Arizona Cardinals","9","7","0","325","378","-53","1","1","0","0","0"
"1998","Denver Broncos","14","2","0","501","309","192","1","1","1","1","1"
"1998","Washington Redskins","6","10","0","319","421","-102","0","0","0","0","0"
"1998","Detroit Lions","5","11","0","306","378","-72","0","0","0","0","0"
"1998","Tennessee Oilers","8","8","0","330","320","10","0","0","0","0","0"
"1998","Miami Dolphins","10","6","0","321","265","56","1","1","0","0","0"
"1998","Cincinnati Bengals","3","13","0","268","452","-184","0","0","0","0","0"
"1998","New Orleans Saints","6","10","0","305","359","-54","0","0","0","0","0"
"1998","St. Louis Rams","4","12","0","285","378","-93","0","0","0","0","0"
"1998","Tampa Bay Buccaneers","8","8","0","314","295","19","0","0","0","0","0"
"1999","Philadelphia Eagles","5","11","0","272","357","-85","0","0","0","0","0"
"1999","Buffalo Bills","11","5","0","320","229","91","1","0","0","0","0"
"1999","Chicago Bears","6","10","0","272","341","-69","0","0","0","0","0"
"1999","Minnesota Vikings","10","6","0","399","335","64","1","1","0","0","0"
"1999","Pittsburgh Steelers","6","10","0","317","320","-3","0","0","0","0","0"
"1999","San Diego Chargers","8","8","0","269","316","-47","0","0","0","0","0"
"1999","Atlanta Falcons","5","11","0","285","380","-95","0","0","0","0","0"
"1999","Indianapolis Colts","13","3","0","423","333","90","1","1","0","0","0"
"1999","Baltimore Ravens","8","8","0","324","277","47","0","0","0","0","0"
"1999","Kansas City Chiefs","9","7","0","390","322","68","0","0","0","0","0"
"1999","New York Jets","8","8","0","308","309","-1","0","0","0","0","0"
"1999","Jacksonville Jaguars","14","2","0","396","217","179","1","1","1","0","0"
"1999","Green Bay Packers","8","8","0","357","341","16","0","0","0","0","0"
"1999","Detroit Lions","8","8","0","322","323","-1","1","0","0","0","0"
"1999","Dallas Cowboys","8","8","0","352","276","76","1","0","0","0","0"
"1999","New York Giants","7","9","0","299","358","-59","0","0","0","0","0"
"1999","Seattle Seahawks","9","7","0","338","298","40","1","0","0","0","0"
"1999","Oakland Raiders","8","8","0","390","329","61","0","0","0","0","0"
"1999","New England Patriots","8","8","0","299","284","15","0","0","0","0","0"
"1999","Carolina Panthers","8","8","0","421","381","40","0","0","0","0","0"
"1999","Cleveland Browns","2","14","0","217","437","-220","0","0","0","0","0"
"1999","Arizona Cardinals","6","10","0","245","382","-137","0","0","0","0","0"
"1999","Denver Broncos","6","10","0","314","318","-4","0","0","0","0","0"
"1999","Washington Redskins","10","6","0","443","377","66","1","1","0","0","0"
"1999","Tennessee Titans","13","3","0","392","324","68","1","1","1","1","0"
"1999","San Francisco 49ers","4","12","0","295","453","-158","0","0","0","0","0"
"1999","Miami Dolphins","9","7","0","326","336","-10","1","1","0","0","0"
"1999","Cincinnati Bengals","4","12","0","283","460","-177","0","0","0","0","0"
"1999","New Orleans Saints","3","13","0","260","434","-174","0","0","0","0","0"
"1999","St. Louis Rams","13","3","0","526","242","284","1","1","1","1","1"
"1999","Tampa Bay Buccaneers","11","5","0","270","235","35","1","1","1","0","0"
"2000","Philadelphia Eagles","11","5","0","351","245","106","1","1","0","0","0"
"2000","Buffalo Bills","8","8","0","315","350","-35","0","0","0","0","0"
"2000","Chicago Bears","5","11","0","216","355","-139","0","0","0","0","0"
"2000","Minnesota Vikings","11","5","0","397","371","26","1","1","1","0","0"
"2000","Pittsburgh Steelers","9","7","0","321","255","66","0","0","0","0","0"
"2000","San Diego Chargers","1","15","0","269","440","-171","0","0","0","0","0"
"2000","Atlanta Falcons","4","12","0","252","413","-161","0","0","0","0","0"
"2000","Indianapolis Colts","10","6","0","429","326","103","1","0","0","0","0"
"2000","Baltimore Ravens","12","4","0","333","165","168","1","1","1","1","1"
"2000","Kansas City Chiefs","7","9","0","355","354","1","0","0","0","0","0"
"2000","New York Jets","9","7","0","321","321","0","0","0","0","0","0"
"2000","Jacksonville Jaguars","7","9","0","367","327","40","0","0","0","0","0"
"2000","Green Bay Packers","9","7","0","353","323","30","0","0","0","0","0"
"2000","Detroit Lions","9","7","0","307","307","0","0","0","0","0","0"
"2000","Dallas Cowboys","5","11","0","294","361","-67","0","0","0","0","0"
"2000","New York Giants","12","4","0","328","246","82","1","1","1","1","0"
"2000","Seattle Seahawks","6","10","0","320","405","-85","0","0","0","0","0"
"2000","Oakland Raiders","12","4","0","479","299","180","1","1","1","0","0"
"2000","New England Patriots","5","11","0","276","338","-62","0","0","0","0","0"
"2000","Carolina Panthers","7","9","0","310","310","0","0","0","0","0","0"
"2000","Cleveland Browns","3","13","0","161","419","-258","0","0","0","0","0"
"2000","Arizona Cardinals","3","13","0","210","443","-233","0","0","0","0","0"
"2000","Denver Broncos","11","5","0","485","369","116","1","0","0","0","0"
"2000","Washington Redskins","8","8","0","281","269","12","0","0","0","0","0"
"2000","Tennessee Titans","13","3","0","346","191","155","1","1","0","0","0"
"2000","San Francisco 49ers","6","10","0","388","422","-34","0","0","0","0","0"
"2000","Miami Dolphins","11","5","0","323","226","97","1","1","0","0","0"
"2000","Cincinnati Bengals","4","12","0","185","359","-174","0","0","0","0","0"
"2000","New Orleans Saints","10","6","0","354","305","49","1","1","0","0","0"
"2000","St. Louis Rams","10","6","0","540","471","69","1","0","0","0","0"
"2000","Tampa Bay Buccaneers","10","6","0","388","269","119","1","0","0","0","0"
"2001","Philadelphia Eagles","11","5","0","343","208","135","1","1","1","0","0"
"2001","Buffalo Bills","3","13","0","265","420","-155","0","0","0","0","0"
"2001","Chicago Bears","13","3","0","338","203","135","1","1","0","0","0"
"2001","Minnesota Vikings","5","11","0","290","390","-100","0","0","0","0","0"
"2001","Pittsburgh Steelers","13","3","0","352","212","140","1","1","1","0","0"
"2001","San Diego Chargers","5","11","0","332","321","11","0","0","0","0","0"
"2001","Atlanta Falcons","7","9","0","291","377","-86","0","0","0","0","0"
"2001","Indianapolis Colts","6","10","0","413","486","-73","0","0","0","0","0"
"2001","Baltimore Ravens","10","6","0","303","265","38","1","1","0","0","0"
"2001","Kansas City Chiefs","6","10","0","320","344","-24","0","0","0","0","0"
"2001","Tennessee Titans","7","9","0","336","388","-52","0","0","0","0","0"
"2001","Jacksonville Jaguars","6","10","0","294","286","8","0","0","0","0","0"
"2001","Green Bay Packers","12","4","0","390","266","124","1","1","0","0","0"
"2001","Detroit Lions","2","14","0","270","424","-154","0","0","0","0","0"
"2001","Dallas Cowboys","5","11","0","246","338","-92","0","0","0","0","0"
"2001","New York Giants","7","9","0","294","321","-27","0","0","0","0","0"
"2001","Seattle Seahawks","9","7","0","301","324","-23","0","0","0","0","0"
"2001","Oakland Raiders","10","6","0","399","327","72","1","1","0","0","0"
"2001","New England Patriots","11","5","0","371","272","99","1","1","1","1","1"
"2001","Carolina Panthers","1","15","0","253","410","-157","0","0","0","0","0"
"2001","Cleveland Browns","7","9","0","285","319","-34","0","0","0","0","0"
"2001","Arizona Cardinals","7","9","0","295","343","-48","0","0","0","0","0"
"2001","Denver Broncos","8","8","0","340","339","1","0","0","0","0","0"
"2001","Washington Redskins","8","8","0","256","303","-47","0","0","0","0","0"
"2001","New York Jets","10","6","0","308","295","13","1","0","0","0","0"
"2001","San Francisco 49ers","12","4","0","409","282","127","1","0","0","0","0"
"2001","Miami Dolphins","11","5","0","344","290","54","1","0","0","0","0"
"2001","Cincinnati Bengals","6","10","0","226","309","-83","0","0","0","0","0"
"2001","New Orleans Saints","7","9","0","333","409","-76","0","0","0","0","0"
"2001","St. Louis Rams","14","2","0","503","273","230","1","1","1","1","0"
"2001","Tampa Bay Buccaneers","9","7","0","324","280","44","1","0","0","0","0"
"2002","Arizona Cardinals","5","11","0","262","417","-155","0","0","0","0","0"
"2002","Philadelphia Eagles","12","4","0","415","241","174","1","1","1","0","0"
"2002","Houston Texans","4","12","0","213","356","-143","0","0","0","0","0"
"2002","Buffalo Bills","8","8","0","379","397","-18","0","0","0","0","0"
"2002","Chicago Bears","4","12","0","281","379","-98","0","0","0","0","0"
"2002","Minnesota Vikings","6","10","0","390","442","-52","0","0","0","0","0"
"2002","Pittsburgh Steelers","10","5","1","390","345","45","1","1","0","0","0"
"2002","San Diego Chargers","8","8","0","333","367","-34","0","0","0","0","0"
"2002","Atlanta Falcons","9","6","1","402","314","88","1","1","0","0","0"
"2002","Indianapolis Colts","10","6","0","349","313","36","1","0","0","0","0"
"2002","Baltimore Ravens","7","9","0","316","354","-38","0","0","0","0","0"
"2002","Kansas City Chiefs","8","8","0","467","399","68","0","0","0","0","0"
"2002","Tennessee Titans","11","5","0","367","324","43","1","1","1","0","0"
"2002","Jacksonville Jaguars","6","10","0","328","315","13","0","0","0","0","0"
"2002","Green Bay Packers","12","4","0","398","328","70","1","0","0","0","0"
"2002","Dallas Cowboys","5","11","0","217","329","-112","0","0","0","0","0"
"2002","Detroit Lions","3","13","0","306","451","-145","0","0","0","0","0"
"2002","Seattle Seahawks","7","9","0","355","369","-14","0","0","0","0","0"
"2002","Oakland Raiders","11","5","0","450","304","146","1","1","1","1","0"
"2002","New England Patriots","9","7","0","381","346","35","0","0","0","0","0"
"2002","Carolina Panthers","7","9","0","258","302","-44","0","0","0","0","0"
"2002","Cleveland Browns","9","7","0","344","320","24","1","0","0","0","0"
"2002","New York Giants","10","6","0","320","279","41","1","0","0","0","0"
"2002","Denver Broncos","9","7","0","392","344","48","0","0","0","0","0"
"2002","Washington Redskins","7","9","0","307","365","-58","0","0","0","0","0"
"2002","New York Jets","9","7","0","359","336","23","1","1","0","0","0"
"2002","San Francisco 49ers","10","6","0","367","351","16","1","1","0","0","0"
"2002","Miami Dolphins","9","7","0","378","301","77","0","0","0","0","0"
"2002","Cincinnati Bengals","2","14","0","279","456","-177","0","0","0","0","0"
"2002","New Orleans Saints","9","7","0","432","388","44","0","0","0","0","0"
"2002","St. Louis Rams","7","9","0","316","369","-53","0","0","0","0","0"
"2002","Tampa Bay Buccaneers","12","4","0","346","196","150","1","1","1","1","1"
"2003","Arizona Cardinals","4","12","0","225","452","-227","0","0","0","0","0"
"2003","Philadelphia Eagles","12","4","0","374","287","87","1","1","1","0","0"
"2003","Houston Texans","5","11","0","255","380","-125","0","0","0","0","0"
"2003","Buffalo Bills","6","10","0","243","279","-36","0","0","0","0","0"
"2003","Chicago Bears","7","9","0","283","346","-63","0","0","0","0","0"
"2003","Minnesota Vikings","9","7","0","416","353","63","0","0","0","0","0"
"2003","Pittsburgh Steelers","6","10","0","300","327","-27","0","0","0","0","0"
"2003","San Diego Chargers","4","12","0","313","441","-128","0","0","0","0","0"
"2003","Atlanta Falcons","5","11","0","299","422","-123","0","0","0","0","0"
"2003","Indianapolis Colts","12","4","0","447","336","111","1","1","1","0","0"
"2003","Baltimore Ravens","10","6","0","391","281","110","1","0","0","0","0"
"2003","Kansas City Chiefs","13","3","0","484","332","152","1","1","0","0","0"
"2003","Tennessee Titans","12","4","0","435","324","111","1","1","0","0","0"
"2003","Jacksonville Jaguars","5","11","0","276","331","-55","0","0","0","0","0"
"2003","Green Bay Packers","10","6","0","442","307","135","1","1","0","0","0"
"2003","Dallas Cowboys","10","6","0","289","260","29","1","0","0","0","0"
"2003","Detroit Lions","5","11","0","270","379","-109","0","0","0","0","0"
"2003","Seattle Seahawks","10","6","0","404","327","77","1","0","0","0","0"
"2003","Oakland Raiders","4","12","0","270","379","-109","0","0","0","0","0"
"2003","New England Patriots","14","2","0","348","238","110","1","1","1","1","1"
"2003","Carolina Panthers","11","5","0","325","304","21","1","1","1","1","0"
"2003","Cleveland Browns","5","11","0","254","322","-68","0","0","0","0","0"
"2003","New York Giants","4","12","0","243","387","-144","0","0","0","0","0"
"2003","Denver Broncos","10","6","0","381","301","80","1","0","0","0","0"
"2003","Washington Redskins","5","11","0","287","372","-85","0","0","0","0","0"
"2003","New York Jets","6","10","0","283","299","-16","0","0","0","0","0"
"2003","San Francisco 49ers","7","9","0","384","337","47","0","0","0","0","0"
"2003","Miami Dolphins","10","6","0","311","261","50","0","0","0","0","0"
"2003","Cincinnati Bengals","8","8","0","346","384","-38","0","0","0","0","0"
"2003","New Orleans Saints","8","8","0","340","326","14","0","0","0","0","0"
"2003","St. Louis Rams","12","4","0","447","328","119","1","1","0","0","0"
"2003","Tampa Bay Buccaneers","7","9","0","301","264","37","0","0","0","0","0"
"2004","Arizona Cardinals","6","10","0","284","322","-38","0","0","0","0","0"
"2004","Philadelphia Eagles","13","3","0","386","260","126","1","1","1","1","0"
"2004","Houston Texans","7","9","0","309","339","-30","0","0","0","0","0"
"2004","Buffalo Bills","9","7","0","395","284","111","0","0","0","0","0"
"2004","Chicago Bears","5","11","0","231","331","-100","0","0","0","0","0"
"2004","Minnesota Vikings","8","8","0","405","395","10","1","1","0","0","0"
"2004","Pittsburgh Steelers","15","1","0","372","251","121","1","1","1","0","0"
"2004","San Diego Chargers","12","4","0","446","313","133","1","0","0","0","0"
"2004","Atlanta Falcons","11","5","0","340","337","3","1","1","1","0","0"
"2004","Indianapolis Colts","12","4","0","522","351","171","1","1","0","0","0"
"2004","Baltimore Ravens","9","7","0","317","268","49","0","0","0","0","0"
"2004","Kansas City Chiefs","7","9","0","483","435","48","0","0","0","0","0"
"2004","Tennessee Titans","5","11","0","344","439","-95","0","0","0","0","0"
"2004","Jacksonville Jaguars","9","7","0","261","280","-19","0","0","0","0","0"
"2004","Green Bay Packers","10","6","0","424","380","44","1","0","0","0","0"
"2004","Dallas Cowboys","6","10","0","293","405","-112","0","0","0","0","0"
"2004","Detroit Lions","6","10","0","296","350","-54","0","0","0","0","0"
"2004","Seattle Seahawks","9","7","0","371","373","-2","1","0","0","0","0"
"2004","Oakland Raiders","5","11","0","320","442","-122","0","0","0","0","0"
"2004","New England Patriots","14","2","0","437","260","177","1","1","1","1","1"
"2004","Carolina Panthers","7","9","0","355","339","16","0","0","0","0","0"
"2004","Cleveland Browns","4","12","0","276","390","-114","0","0","0","0","0"
"2004","New York Giants","6","10","0","303","347","-44","0","0","0","0","0"
"2004","Denver Broncos","10","6","0","381","304","77","1","0","0","0","0"
"2004","Washington Redskins","6","10","0","240","265","-25","0","0","0","0","0"
"2004","New York Jets","10","6","0","333","261","72","1","1","0","0","0"
"2004","San Francisco 49ers","2","14","0","259","452","-193","0","0","0","0","0"
"2004","Miami Dolphins","4","12","0","275","354","-79","0","0","0","0","0"
"2004","Cincinnati Bengals","8","8","0","374","372","2","0","0","0","0","0"
"2004","New Orleans Saints","8","8","0","348","405","-57","0","0","0","0","0"
"2004","St. Louis Rams","8","8","0","319","392","-73","1","1","0","0","0"
"2004","Tampa Bay Buccaneers","5","11","0","301","304","-3","0","0","0","0","0"
"2005","Arizona Cardinals","5","11","0","311","387","-76","0","0","0","0","0"
"2005","Philadelphia Eagles","6","10","0","310","388","-78","0","0","0","0","0"
"2005","Houston Texans","2","14","0","260","431","-171","0","0","0","0","0"
"2005","Buffalo Bills","5","11","0","271","367","-96","0","0","0","0","0"
"2005","Chicago Bears","11","5","0","260","202","58","1","1","0","0","0"
"2005","Minnesota Vikings","9","7","0","306","344","-38","0","0","0","0","0"
"2005","Pittsburgh Steelers","11","5","0","389","258","131","1","1","1","1","1"
"2005","San Diego Chargers","9","7","0","418","312","106","0","0","0","0","0"
"2005","Atlanta Falcons","8","8","0","351","341","10","0","0","0","0","0"
"2005","Indianapolis Colts","14","2","0","439","247","192","1","1","0","0","0"
"2005","Baltimore Ravens","6","10","0","265","299","-34","0","0","0","0","0"
"2005","Kansas City Chiefs","10","6","0","403","325","78","0","0","0","0","0"
"2005","Tennessee Titans","4","12","0","299","421","-122","0","0","0","0","0"
"2005","Jacksonville Jaguars","12","4","0","361","269","92","1","0","0","0","0"
"2005","Green Bay Packers","4","12","0","298","344","-46","0","0","0","0","0"
"2005","Dallas Cowboys","9","7","0","325","308","17","0","0","0","0","0"
"2005","Detroit Lions","5","11","0","254","345","-91","0","0","0","0","0"
"2005","Seattle Seahawks","13","3","0","452","271","181","1","1","1","1","0"
"2005","Oakland Raiders","4","12","0","290","383","-93","0","0","0","0","0"
"2005","New England Patriots","10","6","0","379","338","41","1","1","0","0","0"
"2005","Carolina Panthers","11","5","0","391","259","132","1","1","1","0","0"
"2005","Cleveland Browns","6","10","0","232","301","-69","0","0","0","0","0"
"2005","New York Giants","11","5","0","422","314","108","1","0","0","0","0"
"2005","Denver Broncos","13","3","0","395","258","137","1","1","1","0","0"
"2005","Washington Redskins","10","6","0","359","293","66","1","1","0","0","0"
"2005","New York Jets","4","12","0","240","355","-115","0","0","0","0","0"
"2005","San Francisco 49ers","4","12","0","239","428","-189","0","0","0","0","0"
"2005","Miami Dolphins","9","7","0","318","317","1","0","0","0","0","0"
"2005","Cincinnati Bengals","11","5","0","421","350","71","1","0","0","0","0"
"2005","New Orleans Saints","3","13","0","235","398","-163","0","0","0","0","0"
"2005","St. Louis Rams","6","10","0","363","429","-66","0","0","0","0","0"
"2005","Tampa Bay Buccaneers","11","5","0","300","274","26","1","0","0","0","0"
"2006","Arizona Cardinals","5","11","0","314","389","-75","0","0","0","0","0"
"2006","Philadelphia Eagles","10","6","0","398","328","70","1","1","0","0","0"
"2006","Houston Texans","6","10","0","267","366","-99","0","0","0","0","0"
"2006","Buffalo Bills","7","9","0","300","311","-11","0","0","0","0","0"
"2006","Chicago Bears","13","3","0","427","255","172","1","1","1","1","0"
"2006","Minnesota Vikings","6","10","0","282","327","-45","0","0","0","0","0"
"2006","Pittsburgh Steelers","8","8","0","353","315","38","0","0","0","0","0"
"2006","San Diego Chargers","14","2","0","492","303","189","1","1","0","0","0"
"2006","Atlanta Falcons","7","9","0","292","328","-36","0","0","0","0","0"
"2006","Indianapolis Colts","12","4","0","427","360","67","1","1","1","1","1"
"2006","Baltimore Ravens","13","3","0","353","201","152","1","1","0","0","0"
"2006","Kansas City Chiefs","9","7","0","331","315","16","1","0","0","0","0"
"2006","Tennessee Titans","8","8","0","324","400","-76","0","0","0","0","0"
"2006","Jacksonville Jaguars","8","8","0","371","274","97","0","0","0","0","0"
"2006","Green Bay Packers","8","8","0","301","366","-65","0","0","0","0","0"
"2006","Dallas Cowboys","9","7","0","425","350","75","1","0","0","0","0"
"2006","Detroit Lions","3","13","0","305","398","-93","0","0","0","0","0"
"2006","Seattle Seahawks","9","7","0","335","341","-6","1","1","0","0","0"
"2006","Oakland Raiders","2","14","0","168","332","-164","0","0","0","0","0"
"2006","New England Patriots","12","4","0","385","237","148","1","1","1","0","0"
"2006","Carolina Panthers","8","8","0","270","305","-35","0","0","0","0","0"
"2006","Cleveland Browns","4","12","0","238","356","-118","0","0","0","0","0"
"2006","New York Giants","8","8","0","355","362","-7","1","0","0","0","0"
"2006","Denver Broncos","9","7","0","319","305","14","0","0","0","0","0"
"2006","Washington Redskins","5","11","0","307","376","-69","0","0","0","0","0"
"2006","New York Jets","10","6","0","316","295","21","1","0","0","0","0"
"2006","San Francisco 49ers","7","9","0","298","412","-114","0","0","0","0","0"
"2006","Miami Dolphins","6","10","0","260","283","-23","0","0","0","0","0"
"2006","Cincinnati Bengals","8","8","0","373","331","42","0","0","0","0","0"
"2006","New Orleans Saints","10","6","0","413","322","91","1","1","1","0","0"
"2006","St. Louis Rams","8","8","0","367","381","-14","0","0","0","0","0"
"2006","Tampa Bay Buccaneers","4","12","0","211","353","-142","0","0","0","0","0"
"2007","Arizona Cardinals","8","8","0","404","399","5","0","0","0","0","0"
"2007","Philadelphia Eagles","8","8","0","336","300","36","0","0","0","0","0"
"2007","Houston Texans","8","8","0","379","384","-5","0","0","0","0","0"
"2007","Buffalo Bills","7","9","0","252","354","-102","0","0","0","0","0"
"2007","Chicago Bears","7","9","0","334","348","-14","0","0","0","0","0"
"2007","Minnesota Vikings","8","8","0","365","311","54","0","0","0","0","0"
"2007","Pittsburgh Steelers","10","6","0","393","269","124","1","0","0","0","0"
"2007","San Diego Chargers","11","5","0","412","284","128","1","1","1","0","0"
"2007","Atlanta Falcons","4","12","0","259","414","-155","0","0","0","0","0"
"2007","Indianapolis Colts","13","3","0","450","262","188","1","1","0","0","0"
"2007","Baltimore Ravens","5","11","0","275","384","-109","0","0","0","0","0"
"2007","Kansas City Chiefs","4","12","0","226","335","-109","0","0","0","0","0"
"2007","Tennessee Titans","10","6","0","301","297","4","1","0","0","0","0"
"2007","Jacksonville Jaguars","11","5","0","411","304","107","1","1","0","0","0"
"2007","Green Bay Packers","13","3","0","435","291","144","1","1","1","0","0"
"2007","Dallas Cowboys","13","3","0","455","325","130","1","1","0","0","0"
"2007","Detroit Lions","7","9","0","346","444","-98","0","0","0","0","0"
"2007","Seattle Seahawks","10","6","0","393","291","102","1","1","0","0","0"
"2007","Oakland Raiders","4","12","0","283","398","-115","0","0","0","0","0"
"2007","New England Patriots","16","0","0","589","274","315","1","1","1","1","0"
"2007","Carolina Panthers","7","9","0","267","347","-80","0","0","0","0","0"
"2007","Cleveland Browns","10","6","0","402","382","20","0","0","0","0","0"
"2007","New York Giants","10","6","0","373","351","22","1","1","1","1","1"
"2007","Denver Broncos","7","9","0","320","409","-89","0","0","0","0","0"
"2007","Washington Redskins","9","7","0","334","310","24","1","0","0","0","0"
"2007","New York Jets","4","12","0","268","355","-87","0","0","0","0","0"
"2007","San Francisco 49ers","5","11","0","219","364","-145","0","0","0","0","0"
"2007","Miami Dolphins","1","15","0","267","437","-170","0","0","0","0","0"
"2007","Cincinnati Bengals","7","9","0","380","385","-5","0","0","0","0","0"
"2007","New Orleans Saints","7","9","0","379","388","-9","0","0","0","0","0"
"2007","St. Louis Rams","3","13","0","263","438","-175","0","0","0","0","0"
"2007","Tampa Bay Buccaneers","9","7","0","334","270","64","1","0","0","0","0"
"2008","Arizona Cardinals","9","7","0","427","426","1","1","1","1","1","0"
"2008","Philadelphia Eagles","9","6","1","416","289","127","1","1","1","0","0"
"2008","Houston Texans","8","8","0","366","394","-28","0","0","0","0","0"
"2008","Buffalo Bills","7","9","0","336","342","-6","0","0","0","0","0"
"2008","Chicago Bears","9","7","0","375","350","25","0","0","0","0","0"
"2008","Minnesota Vikings","10","6","0","379","333","46","1","0","0","0","0"
"2008","Pittsburgh Steelers","12","4","0","347","223","124","1","1","1","1","1"
"2008","San Diego Chargers","8","8","0","439","347","92","1","1","0","0","0"
"2008","Atlanta Falcons","11","5","0","391","325","66","1","0","0","0","0"
"2008","Indianapolis Colts","12","4","0","377","298","79","1","0","0","0","0"
"2008","Baltimore Ravens","11","5","0","385","244","141","1","1","1","0","0"
"2008","Kansas City Chiefs","2","14","0","291","440","-149","0","0","0","0","0"
"2008","Tennessee Titans","13","3","0","375","234","141","1","1","0","0","0"
"2008","Jacksonville Jaguars","5","11","0","302","367","-65","0","0","0","0","0"
"2008","Green Bay Packers","6","10","0","419","380","39","0","0","0","0","0"
"2008","Dallas Cowboys","9","7","0","362","365","-3","0","0","0","0","0"
"2008","Detroit Lions","0","16","0","268","517","-249","0","0","0","0","0"
"2008","Seattle Seahawks","4","12","0","294","392","-98","0","0","0","0","0"
"2008","Oakland Raiders","5","11","0","263","388","-125","0","0","0","0","0"
"2008","New England Patriots","11","5","0","410","309","101","0","0","0","0","0"
"2008","Carolina Panthers","12","4","0","414","329","85","1","1","0","0","0"
"2008","Cleveland Browns","4","12","0","232","350","-118","0","0","0","0","0"
"2008","New York Giants","12","4","0","427","294","133","1","1","0","0","0"
"2008","Denver Broncos","8","8","0","370","448","-78","0","0","0","0","0"
"2008","Washington Redskins","8","8","0","265","296","-31","0","0","0","0","0"
"2008","New York Jets","9","7","0","405","356","49","0","0","0","0","0"
"2008","San Francisco 49ers","7","9","0","339","381","-42","0","0","0","0","0"
"2008","Miami Dolphins","11","5","0","345","317","28","1","0","0","0","0"
"2008","Cincinnati Bengals","4","11","1","204","364","-160","0","0","0","0","0"
"2008","New Orleans Saints","8","8","0","463","393","70","0","0","0","0","0"
"2008","St. Louis Rams","2","14","0","232","465","-233","0","0","0","0","0"
"2008","Tampa Bay Buccaneers","9","7","0","361","323","38","0","0","0","0","0"
"2009","Arizona Cardinals","10","6","0","375","325","50","1","1","0","0","0"
"2009","Philadelphia Eagles","11","5","0","429","337","92","1","0","0","0","0"
"2009","Houston Texans","9","7","0","388","333","55","0","0","0","0","0"
"2009","Buffalo Bills","6","10","0","258","326","-68","0","0","0","0","0"
"2009","Chicago Bears","7","9","0","327","375","-48","0","0","0","0","0"
"2009","Minnesota Vikings","12","4","0","470","312","158","1","1","1","0","0"
"2009","Pittsburgh Steelers","9","7","0","368","324","44","0","0","0","0","0"
"2009","San Diego Chargers","13","3","0","454","320","134","1","1","0","0","0"
"2009","Atlanta Falcons","9","7","0","363","325","38","0","0","0","0","0"
"2009","Indianapolis Colts","14","2","0","416","307","109","1","1","1","1","0"
"2009","Baltimore Ravens","9","7","0","391","261","130","1","1","0","0","0"
"2009","Kansas City Chiefs","4","12","0","294","424","-130","0","0","0","0","0"
"2009","Tennessee Titans","8","8","0","354","402","-48","0","0","0","0","0"
"2009","Jacksonville Jaguars","7","9","0","290","380","-90","0","0","0","0","0"
"2009","Green Bay Packers","11","5","0","461","297","164","1","0","0","0","0"
"2009","Dallas Cowboys","11","5","0","361","250","111","1","1","0","0","0"
"2009","Detroit Lions","2","14","0","262","494","-232","0","0","0","0","0"
"2009","Seattle Seahawks","5","11","0","280","390","-110","0","0","0","0","0"
"2009","Oakland Raiders","5","11","0","197","379","-182","0","0","0","0","0"
"2009","New England Patriots","10","6","0","427","285","142","1","0","0","0","0"
"2009","Carolina Panthers","8","8","0","315","308","7","0","0","0","0","0"
"2009","Cleveland Browns","5","11","0","245","375","-130","0","0","0","0","0"
"2009","New York Giants","8","8","0","402","427","-25","0","0","0","0","0"
"2009","Denver Broncos","8","8","0","326","324","2","0","0","0","0","0"
"2009","Washington Redskins","4","12","0","266","336","-70","0","0","0","0","0"
"2009","New York Jets","9","7","0","348","236","112","1","1","1","0","0"
"2009","San Francisco 49ers","8","8","0","330","281","49","0","0","0","0","0"
"2009","Miami Dolphins","7","9","0","360","390","-30","0","0","0","0","0"
"2009","Cincinnati Bengals","10","6","0","305","291","14","1","0","0","0","0"
"2009","New Orleans Saints","13","3","0","510","341","169","1","1","1","1","1"
"2009","St. Louis Rams","1","15","0","175","436","-261","0","0","0","0","0"
"2009","Tampa Bay Buccaneers","3","13","0","244","400","-156","0","0","0","0","0"
"2010","Arizona Cardinals","5","11","0","289","434","-145","0","0","0","0","0"
"2010","Philadelphia Eagles","10","6","0","439","377","62","1","0","0","0","0"
"2010","Houston Texans","6","10","0","390","427","-37","0","0","0","0","0"
"2010","Buffalo Bills","4","12","0","283","425","-142","0","0","0","0","0"
"2010","Chicago Bears","11","5","0","334","286","48","1","1","1","0","0"
"2010","Minnesota Vikings","6","10","0","281","348","-67","0","0","0","0","0"
"2010","Pittsburgh Steelers","12","4","0","375","232","143","1","1","1","1","0"
"2010","San Diego Chargers","9","7","0","441","322","119","0","0","0","0","0"
"2010","Atlanta Falcons","13","3","0","414","288","126","1","1","0","0","0"
"2010","Indianapolis Colts","10","6","0","435","388","47","1","0","0","0","0"
"2010","Baltimore Ravens","12","4","0","357","270","87","1","1","0","0","0"
"2010","Kansas City Chiefs","10","6","0","366","326","40","1","0","0","0","0"
"2010","Tennessee Titans","6","10","0","356","339","17","0","0","0","0","0"
"2010","Jacksonville Jaguars","8","8","0","353","419","-66","0","0","0","0","0"
"2010","Green Bay Packers","10","6","0","388","240","148","1","1","1","1","1"
"2010","Dallas Cowboys","6","10","0","394","436","-42","0","0","0","0","0"
"2010","Detroit Lions","6","10","0","362","369","-7","0","0","0","0","0"
"2010","Seattle Seahawks","7","9","0","310","407","-97","1","1","0","0","0"
"2010","Oakland Raiders","8","8","0","410","371","39","0","0","0","0","0"
"2010","New England Patriots","14","2","0","518","313","205","1","1","0","0","0"
"2010","Carolina Panthers","2","14","0","196","408","-212","0","0","0","0","0"
"2010","Cleveland Browns","5","11","0","271","332","-61","0","0","0","0","0"
"2010","New York Giants","10","6","0","394","347","47","0","0","0","0","0"
"2010","Denver Broncos","4","12","0","344","471","-127","0","0","0","0","0"
"2010","Washington Redskins","6","10","0","302","377","-75","0","0","0","0","0"
"2010","New York Jets","11","5","0","367","304","63","1","1","1","0","0"
"2010","San Francisco 49ers","6","10","0","305","346","-41","0","0","0","0","0"
"2010","Miami Dolphins","7","9","0","273","333","-60","0","0","0","0","0"
"2010","Cincinnati Bengals","4","12","0","322","395","-73","0","0","0","0","0"
"2010","New Orleans Saints","11","5","0","384","307","77","1","0","0","0","0"
"2010","St. Louis Rams","7","9","0","289","328","-39","0","0","0","0","0"
"2010","Tampa Bay Buccaneers","10","6","0","341","318","23","0","0","0","0","0"
"2011","Arizona Cardinals","8","8","0","312","348","-36","0","0","0","0","0"
"2011","Philadelphia Eagles","8","8","0","396","328","68","0","0","0","0","0"
"2011","Houston Texans","10","6","0","381","278","103","1","1","0","0","0"
"2011","Buffalo Bills","6","10","0","372","434","-62","0","0","0","0","0"
"2011","Chicago Bears","8","8","0","353","341","12","0","0","0","0","0"
"2011","Minnesota Vikings","3","13","0","340","449","-109","0","0","0","0","0"
"2011","Pittsburgh Steelers","12","4","0","325","227","98","1","0","0","0","0"
"2011","San Diego Chargers","8","8","0","406","377","29","0","0","0","0","0"
"2011","Atlanta Falcons","10","6","0","402","350","52","1","0","0","0","0"
"2011","Indianapolis Colts","2","14","0","243","430","-187","0","0","0","0","0"
"2011","Baltimore Ravens","12","4","0","378","266","112","1","1","1","0","0"
"2011","Kansas City Chiefs","7","9","0","212","338","-126","0","0","0","0","0"
"2011","Tennessee Titans","9","7","0","325","317","8","0","0","0","0","0"
"2011","Jacksonville Jaguars","5","11","0","243","329","-86","0","0","0","0","0"
"2011","Green Bay Packers","15","1","0","560","359","201","1","1","0","0","0"
"2011","Dallas Cowboys","8","8","0","369","347","22","0","0","0","0","0"
"2011","Detroit Lions","10","6","0","474","387","87","1","0","0","0","0"
"2011","Seattle Seahawks","7","9","0","321","315","6","0","0","0","0","0"
"2011","Oakland Raiders","8","8","0","359","433","-74","0","0","0","0","0"
"2011","New England Patriots","13","3","0","513","342","171","1","1","1","1","0"
"2011","Carolina Panthers","6","10","0","406","429","-23","0","0","0","0","0"
"2011","Cleveland Browns","4","12","0","218","307","-89","0","0","0","0","0"
"2011","New York Giants","9","7","0","394","400","-6","1","1","1","1","1"
"2011","Denver Broncos","8","8","0","309","390","-81","1","1","0","0","0"
"2011","Washington Redskins","5","11","0","288","367","-79","0","0","0","0","0"
"2011","New York Jets","8","8","0","377","363","14","0","0","0","0","0"
"2011","San Francisco 49ers","13","3","0","380","229","151","1","1","1","0","0"
"2011","Miami Dolphins","6","10","0","329","313","16","0","0","0","0","0"
"2011","Cincinnati Bengals","9","7","0","344","323","21","1","0","0","0","0"
"2011","New Orleans Saints","13","3","0","547","339","208","1","1","0","0","0"
"2011","St. Louis Rams","2","14","0","193","407","-214","0","0","0","0","0"
"2011","Tampa Bay Buccaneers","4","12","0","287","494","-207","0","0","0","0","0"
"2012","Arizona Cardinals","5","11","0","250","357","-107","0","0","0","0","0"
"2012","Philadelphia Eagles","4","12","0","280","444","-164","0","0","0","0","0"
"2012","Houston Texans","12","4","0","416","331","85","1","1","0","0","0"
"2012","Buffalo Bills","6","10","0","344","435","-91","0","0","0","0","0"
"2012","Chicago Bears","10","6","0","375","277","98","0","0","0","0","0"
"2012","Minnesota Vikings","10","6","0","379","348","31","1","0","0","0","0"
"2012","Pittsburgh Steelers","8","8","0","336","314","22","0","0","0","0","0"
"2012","San Diego Chargers","7","9","0","350","350","0","0","0","0","0","0"
"2012","Atlanta Falcons","13","3","0","419","299","120","1","1","1","0","0"
"2012","Indianapolis Colts","11","5","0","357","387","-30","1","0","0","0","0"
"2012","Baltimore Ravens","10","6","0","398","344","54","1","1","1","1","1"
"2012","Kansas City Chiefs","2","14","0","211","425","-214","0","0","0","0","0"
"2012","Tennessee Titans","6","10","0","330","471","-141","0","0","0","0","0"
"2012","Jacksonville Jaguars","2","14","0","255","444","-189","0","0","0","0","0"
"2012","Green Bay Packers","11","5","0","433","336","97","1","1","0","0","0"
"2012","Dallas Cowboys","8","8","0","376","400","-24","0","0","0","0","0"
"2012","Detroit Lions","4","12","0","372","437","-65","0","0","0","0","0"
"2012","Seattle Seahawks","11","5","0","412","245","167","1","1","0","0","0"
"2012","Oakland Raiders","4","12","0","290","443","-153","0","0","0","0","0"
"2012","New England Patriots","12","4","0","557","331","226","1","1","1","0","0"
"2012","Carolina Panthers","7","9","0","357","363","-6","0","0","0","0","0"
"2012","Cleveland Browns","5","11","0","302","368","-66","0","0","0","0","0"
"2012","New York Giants","9","7","0","429","344","85","0","0","0","0","0"
"2012","Denver Broncos","13","3","0","481","289","192","1","1","0","0","0"
"2012","Washington Redskins","10","6","0","436","388","48","1","0","0","0","0"
"2012","New York Jets","6","10","0","281","375","-94","0","0","0","0","0"
"2012","San Francisco 49ers","11","4","1","397","273","124","1","1","1","1","0"
"2012","Miami Dolphins","7","9","0","288","317","-29","0","0","0","0","0"
"2012","Cincinnati Bengals","10","6","0","391","320","71","1","0","0","0","0"
"2012","New Orleans Saints","7","9","0","461","454","7","0","0","0","0","0"
"2012","St. Louis Rams","7","8","1","299","348","-49","0","0","0","0","0"
"2012","Tampa Bay Buccaneers","7","9","0","389","394","-5","0","0","0","0","0"
"2013","Arizona Cardinals","10","6","0","379","324","55","0","0","0","0","0"
"2013","Philadelphia Eagles","10","6","0","442","382","60","1","0","0","0","0"
"2013","Houston Texans","2","14","0","276","428","-152","0","0","0","0","0"
"2013","Buffalo Bills","6","10","0","339","388","-49","0","0","0","0","0"
"2013","Chicago Bears","8","8","0","445","478","-33","0","0","0","0","0"
"2013","Minnesota Vikings","5","10","1","391","480","-89","0","0","0","0","0"
"2013","Pittsburgh Steelers","8","8","0","379","370","9","0","0","0","0","0"
"2013","San Diego Chargers","9","7","0","396","348","48","1","1","0","0","0"
"2013","Atlanta Falcons","4","12","0","353","443","-90","0","0","0","0","0"
"2013","Indianapolis Colts","11","5","0","391","336","55","1","1","0","0","0"
"2013","Baltimore Ravens","8","8","0","320","352","-32","0","0","0","0","0"
"2013","Kansas City Chiefs","11","5","0","430","305","125","1","0","0","0","0"
"2013","Tennessee Titans","7","9","0","362","381","-19","0","0","0","0","0"
"2013","Jacksonville Jaguars","4","12","0","247","449","-202","0","0","0","0","0"
"2013","Green Bay Packers","8","7","1","417","428","-11","1","0","0","0","0"
"2013","Dallas Cowboys","8","8","0","439","432","7","0","0","0","0","0"
"2013","Detroit Lions","7","9","0","395","376","19","0","0","0","0","0"
"2013","Seattle Seahawks","13","3","0","417","231","186","1","1","1","1","1"
"2013","Oakland Raiders","4","12","0","322","453","-131","0","0","0","0","0"
"2013","New England Patriots","12","4","0","444","338","106","1","1","1","0","0"
"2013","Carolina Panthers","12","4","0","366","241","125","1","1","0","0","0"
"2013","Cleveland Browns","4","12","0","308","406","-98","0","0","0","0","0"
"2013","New York Giants","7","9","0","294","383","-89","0","0","0","0","0"
"2013","Denver Broncos","13","3","0","606","399","207","1","1","1","1","0"
"2013","Washington Redskins","3","13","0","334","478","-144","0","0","0","0","0"
"2013","New York Jets","8","8","0","290","387","-97","0","0","0","0","0"
"2013","San Francisco 49ers","12","4","0","406","272","134","1","1","1","0","0"
"2013","Miami Dolphins","8","8","0","317","335","-18","0","0","0","0","0"
"2013","Cincinnati Bengals","11","5","0","430","305","125","1","0","0","0","0"
"2013","New Orleans Saints","11","5","0","414","304","110","1","1","0","0","0"
"2013","St. Louis Rams","7","9","0","348","364","-16","0","0","0","0","0"
"2013","Tampa Bay Buccaneers","4","12","0","288","389","-101","0","0","0","0","0"
"2014","Arizona Cardinals","11","5","0","310","299","11","1","0","0","0","0"
"2014","Philadelphia Eagles","10","6","0","474","400","74","0","0","0","0","0"
"2014","Houston Texans","9","7","0","372","307","65","0","0","0","0","0"
"2014","Buffalo Bills","9","7","0","343","289","54","0","0","0","0","0"
"2014","Chicago Bears","5","11","0","319","442","-123","0","0","0","0","0"
"2014","Minnesota Vikings","7","9","0","325","343","-18","0","0","0","0","0"
"2014","Pittsburgh Steelers","11","5","0","436","368","68","1","0","0","0","0"
"2014","San Diego Chargers","9","7","0","348","348","0","0","0","0","0","0"
"2014","Atlanta Falcons","6","10","0","381","417","-36","0","0","0","0","0"
"2014","Indianapolis Colts","11","5","0","458","369","89","1","1","1","0","0"
"2014","Baltimore Ravens","10","6","0","409","302","107","1","1","0","0","0"
"2014","Kansas City Chiefs","9","7","0","353","281","72","0","0","0","0","0"
"2014","Tennessee Titans","2","14","0","254","438","-184","0","0","0","0","0"
"2014","Jacksonville Jaguars","3","13","0","249","412","-163","0","0","0","0","0"
"2014","Green Bay Packers","12","4","0","486","348","138","1","1","1","0","0"
"2014","Dallas Cowboys","12","4","0","467","352","115","1","1","0","0","0"
"2014","Detroit Lions","11","5","0","321","282","39","1","0","0","0","0"
"2014","Seattle Seahawks","12","4","0","394","254","140","1","1","1","1","0"
"2014","Oakland Raiders","3","13","0","253","452","-199","0","0","0","0","0"
"2014","New England Patriots","12","4","0","468","313","155","1","1","1","1","1"
"2014","Carolina Panthers","7","8","1","339","374","-35","1","1","0","0","0"
"2014","Cleveland Browns","7","9","0","299","337","-38","0","0","0","0","0"
"2014","New York Giants","6","10","0","380","400","-20","0","0","0","0","0"
"2014","Denver Broncos","12","4","0","482","354","128","1","1","0","0","0"
"2014","Washington Redskins","4","12","0","301","438","-137","0","0","0","0","0"
"2014","New York Jets","4","12","0","283","401","-118","0","0","0","0","0"
"2014","San Francisco 49ers","8","8","0","306","340","-34","0","0","0","0","0"
"2014","Miami Dolphins","8","8","0","388","373","15","0","0","0","0","0"
"2014","Cincinnati Bengals","10","5","1","365","344","21","1","0","0","0","0"
"2014","New Orleans Saints","7","9","0","401","424","-23","0","0","0","0","0"
"2014","St. Louis Rams","6","10","0","324","354","-30","0","0","0","0","0"
"2014","Tampa Bay Buccaneers","2","14","0","277","410","-133","0","0","0","0","0"
"2015","Arizona Cardinals","13","3","0","489","313","176","1","1","1","0","0"
"2015","Philadelphia Eagles","7","9","0","377","430","-53","0","0","0","0","0"
"2015","Houston Texans","9","7","0","339","313","26","1","0","0","0","0"
"2015","Buffalo Bills","8","8","0","379","359","20","0","0","0","0","0"
"2015","Chicago Bears","6","10","0","335","397","-62","0","0","0","0","0"
"2015","Minnesota Vikings","11","5","0","365","302","63","1","0","0","0","0"
"2015","Pittsburgh Steelers","10","6","0","423","319","104","1","1","0","0","0"
"2015","San Diego Chargers","4","12","0","320","398","-78","0","0","0","0","0"
"2015","Atlanta Falcons","8","8","0","339","345","-6","0","0","0","0","0"
"2015","Indianapolis Colts","8","8","0","333","408","-75","0","0","0","0","0"
"2015","Baltimore Ravens","5","11","0","328","401","-73","0","0","0","0","0"
"2015","Kansas City Chiefs","11","5","0","405","287","118","1","1","0","0","0"
"2015","Tennessee Titans","3","13","0","299","423","-124","0","0","0","0","0"
"2015","Jacksonville Jaguars","5","11","0","376","448","-72","0","0","0","0","0"
"2015","Green Bay Packers","10","6","0","368","323","45","1","1","0","0","0"
"2015","Dallas Cowboys","4","12","0","275","374","-99","0","0","0","0","0"
"2015","Detroit Lions","7","9","0","358","400","-42","0","0","0","0","0"
"2015","Seattle Seahawks","10","6","0","423","277","146","1","1","0","0","0"
"2015","Oakland Raiders","7","9","0","359","399","-40","0","0","0","0","0"
"2015","New England Patriots","12","4","0","465","315","150","1","1","1","0","0"
"2015","Carolina Panthers","15","1","0","500","308","192","1","1","1","1","0"
"2015","Cleveland Browns","3","13","0","278","432","-154","0","0","0","0","0"
"2015","New York Giants","6","10","0","420","442","-22","0","0","0","0","0"
"2015","Denver Broncos","12","4","0","355","296","59","1","1","1","1","1"
"2015","Washington Redskins","9","7","0","388","379","9","1","0","0","0","0"
"2015","New York Jets","10","6","0","387","314","73","0","0","0","0","0"
"2015","San Francisco 49ers","5","11","0","238","387","-149","0","0","0","0","0"
"2015","Miami Dolphins","6","10","0","310","389","-79","0","0","0","0","0"
"2015","Cincinnati Bengals","12","4","0","419","279","140","1","0","0","0","0"
"2015","New Orleans Saints","7","9","0","408","476","-68","0","0","0","0","0"
"2015","St. Louis Rams","7","9","0","280","330","-50","0","0","0","0","0"
"2015","Tampa Bay Buccaneers","6","10","0","342","417","-75","0","0","0","0","0"
"2016","Arizona Cardinals","7","8","1","418","362","56","0","0","0","0","0"
"2016","Philadelphia Eagles","7","9","0","367","331","36","0","0","0","0","0"
"2016","Houston Texans","9","7","0","279","328","-49","1","1","0","0","0"
"2016","Buffalo Bills","7","9","0","399","378","21","0","0","0","0","0"
"2016","Chicago Bears","3","13","0","279","399","-120","0","0","0","0","0"
"2016","Minnesota Vikings","8","8","0","327","307","20","0","0","0","0","0"
"2016","Pittsburgh Steelers","11","5","0","399","327","72","1","1","1","0","0"
"2016","San Diego Chargers","5","11","0","410","423","-13","0","0","0","0","0"
"2016","Atlanta Falcons","11","5","0","540","406","134","1","1","1","1","0"
"2016","Indianapolis Colts","8","8","0","411","392","19","0","0","0","0","0"
"2016","Baltimore Ravens","8","8","0","343","321","22","0","0","0","0","0"
"2016","Kansas City Chiefs","12","4","0","389","311","78","1","1","0","0","0"
"2016","Tennessee Titans","9","7","0","381","378","3","0","0","0","0","0"
"2016","Jacksonville Jaguars","3","13","0","318","400","-82","0","0","0","0","0"
"2016","Los Angeles Rams","4","12","0","224","394","-170","0","0","0","0","0"
"2016","Green Bay Packers","10","6","0","432","388","44","1","1","1","0","0"
"2016","Dallas Cowboys","13","3","0","421","306","115","1","1","0","0","0"
"2016","Detroit Lions","9","7","0","346","358","-12","1","0","0","0","0"
"2016","Seattle Seahawks","10","5","1","354","292","62","1","1","0","0","0"
"2016","Oakland Raiders","12","4","0","416","385","31","1","0","0","0","0"
"2016","New England Patriots","14","2","0","441","250","191","1","1","1","1","1"
"2016","Carolina Panthers","6","10","0","369","402","-33","0","0","0","0","0"
"2016","Cleveland Browns","1","15","0","264","452","-188","0","0","0","0","0"
"2016","New York Giants","11","5","0","310","284","26","1","0","0","0","0"
"2016","Denver Broncos","9","7","0","333","297","36","0","0","0","0","0"
"2016","Washington Redskins","8","7","1","396","383","13","0","0","0","0","0"
"2016","New York Jets","5","11","0","275","409","-134","0","0","0","0","0"
"2016","San Francisco 49ers","2","14","0","309","480","-171","0","0","0","0","0"
"2016","Miami Dolphins","10","6","0","363","380","-17","1","0","0","0","0"
"2016","Cincinnati Bengals","6","9","1","325","315","10","0","0","0","0","0"
"2016","New Orleans Saints","7","9","0","469","454","15","0","0","0","0","0"
"2016","Tampa Bay Buccaneers","9","7","0","354","369","-15","0","0","0","0","0"
